-- Active: 1726802814893@@127.0.0.1@3306@bus_ticket_management
USE `bus_ticket_management`;

INSERT INTO
    `role` (`role_id`, `role_name`)
VALUES
    (1, 'driver'),
    (2, 'controller'),
    (3, 'staff'),
    (4, 'customer'),
    (5, 'admin');

INSERT INTO
    `permission` (`permission_id`, `permission_name`)
VALUES
    (1, 'view_tickets'),
    (2, 'book_tickets'),
    (3, 'cancel_tickets'),
    (4, 'manage_users'),
    (5, 'manage_buses'),
    (6, 'view_reports'),
    (7, 'generate_reports');

INSERT INTO
    `role_permission` (`role_id`, `permission_id`)
VALUES
    (1, 1),
    -- driver, view_tickets
    (1, 2),
    -- driver, book_tickets
    (1, 3),
    -- driver, cancel_tickets
    (2, 1),
    -- controller, view_tickets
    (2, 2),
    -- controller, book_tickets
    (2, 3),
    -- controller, cancel_tickets
    (3, 1),
    -- staff, view_tickets
    (3, 2),
    -- staff, book_tickets
    (3, 3),
    -- staff, cancel_tickets
    (3, 4),
    -- staff, manage_users
    (3, 5),
    -- staff, manage_buses
    (3, 6),
    -- staff, view_reports
    (3, 7),
    -- staff, generate_reports
    (4, 1),
    -- customer, view_tickets
    (4, 2),
    -- customer, book_tickets
    (4, 3),
    -- customer, cancel_tickets
    (5, 1),
    -- admin, view_tickets
    (5, 2),
    -- admin, book_tickets
    (5, 3),
    -- admin, cancel_tickets
    (5, 4),
    -- admin, manage_users
    (5, 5),
    -- admin, manage_buses
    (5, 6),
    -- admin, view_reports
    (5, 7);

-- admin, generate_reports
-- TODO: Add more roles-permissions if needed
INSERT INTO
    `route` (`code`, `name`, `time`, `distance`)
VALUES
    (
        'BLHCM',
        'VP Bảo Lộc - BX Miền Đông Mới',
        '5 giờ 21 phút',
        150
    ),
    (
        'BR-VTHCM',
        'VP BX Vũng Tàu - BX Miền Tây',
        '5 giờ 30 phút',
        140
    ),
    (
        'CDHCM',
        'BX Châu Đốc - BX Miền Tây',
        '6 giờ 15 phút',
        240
    ),
    ('CMCT', 'BX Cà Mau - BX Cần Thơ', '4 giờ', 138),
    ('CTCM', 'BX Cần Thơ - BX Cà Mau', '4 giờ', 138),
    (
        'CTHCM',
        'BX Cần Thơ - BX Miền Tây',
        '4 giờ',
        170
    ),
    (
        'CTRG',
        'BX Cần Thơ - VP BX Rạch Giá',
        '4 giờ 30 phút',
        120
    ),
    ('DLHCM', 'BX Đà Lạt - BX Miền Tây', '8 giờ', 320),
    (
        'DNHCM',
        'BX Trung Tâm Đà Nẵng - BX Miền Tây',
        '20 giờ',
        950
    ),
    (
        'DONAHCM',
        'VP Suối Linh - BX Miền Đông Mới',
        '4 giờ',
        140
    ),
    ('DTHCM', 'BX Sa Đéc - BX Miền Tây', '5 giờ', 140),
    (
        'HCMBL',
        'BX Miền Đông Mới - VP Bảo Lộc',
        '5 giờ 21 phút',
        150
    ),
    (
        'HCMBR-VT',
        'BX Miền Tây - VP BX Vũng Tàu',
        '5 giờ 30 phút',
        120
    ),
    (
        'HCMCD',
        'BX Miền Tây - BX Châu Đốc',
        '6 giờ 15 phút',
        240
    ),
    (
        'HCMCT',
        'BX Miền Tây - BX Cần Thơ',
        '4 giờ',
        170
    ),
    ('HCMDL', 'BX Miền Tây - BX Đà Lạt', '8 giờ', 320),
    (
        'HCMDN',
        'BX Miền Tây - BX Trung Tâm Đà Nẵng',
        '20 giờ',
        950
    ),
    (
        'HCMDONA',
        'BX Miền Đông Mới - VP Suối Linh',
        '4 giờ',
        140
    ),
    ('HCMDT', 'BX Miền Tây - BX Sa Đéc', '5 giờ', 140),
    (
        'HCMLX ',
        'BX Miền Tây - BX Long Xuyên',
        '5 giờ',
        190
    ),
    (
        'HCMNT ',
        'BX Miền Đông Mới - VP Nguyễn Thị Minh Khai (Nha Trang)',
        '9 giờ 40 phút',
        388
    ),
    (
        'HCMPT',
        'BX Miền Đông Mới - VP Mũi Né',
        '6 giờ',
        200
    ),
    (
        'HCMQNG',
        'BX Miền Tây - Bến Xe Quãng Ngãi',
        '18 giờ',
        780
    ),
    (
        'HCMQNH',
        'BX Miền Tây - Bến Xe Quy Nhơn',
        '13 giờ 46 phút',
        650
    ),
    (
        'HCMRG',
        'BX Miền Tây - VP BX Rạch Giá',
        '6 giờ',
        270
    ),
    (
        'HCMTH',
        'BX An Sương - BX Nam Tuy Hòa',
        '12 giờ',
        400
    ),
    (
        'HCMTN',
        'BX An Sương - BX Tây Ninh',
        '3 giờ 30 phút',
        100
    ),
    (
        'HCMTTH',
        'BX Miền Tây - Bến xe Phía Nam Huế',
        '22 giờ',
        1043
    ),
    (
        'HCMTV',
        'BX Miền Tây - BX Trà vinh',
        '4 giờ 30 phút',
        130
    ),
    (
        'LXHCM',
        'BX Long Xuyên - BX Miền Tây',
        '5 giờ',
        190
    ),
    (
        'NTHCM',
        'VP Nguyễn Thị Minh Khai (Nha Trang)- BX Miền Đông Mới',
        '9 giờ 40 phút',
        388
    ),
    (
        'PTHCM',
        'VP Mũi Né - BX Miền Đông Mới',
        '6 giờ',
        200
    ),
    (
        'QNGHCM',
        'Bến Xe Quãng Ngãi - BX Miền Tây',
        '18 giờ',
        780
    ),
    (
        'QNHHCM',
        'Bến Xe Quy Nhơn - BX Miền Tây',
        '13 giờ 46 phút',
        650
    ),
    (
        'RGCT',
        'VP BX Rạch Giá - BX Cần Thơ',
        '4 giờ 30 phút',
        120
    ),
    (
        'RGHCM',
        'VP BX Rạch Giá - BX Miền Tây',
        '6 giờ',
        270
    ),
    (
        'THHCM',
        'BX An Sương - BX Nam Tuy Hòa ',
        '12 giờ',
        400
    ),
    (
        'TNHCM',
        'BX Tây Ninh - BX An Sương',
        '3 giờ 30 phút',
        100
    ),
    (
        'TTHHCM',
        'Bến xe Phía Nam Huế - BX Miền Tây',
        '22 giờ',
        850
    ),
    (
        'TVHCM',
        'BX Trà Vinh - BX Miền Tây',
        '4 giờ 30 phút',
        130
    );

INSERT INTO
    `checkpoint` (
        `checkpoint_id`,
        `place_name`,
        `address`,
        `province`,
        `city`,
        `region`,
        `phone`
    )
VALUES
    (
        1,
        '202 LÊ HỒNG PHONG',
        '202 - 204 Lê Hồng Phong, Phường 4, Quận 5, TP HCM',
        'TP Hồ Chí Minh',
        'Quận 5',
        'Miền Nam',
        '19006067'
    ),
    (
        2,
        '205 PHẠM NGŨ LÃO',
        '205 Phạm Ngũ Lão , phường Phạm Ngũ Lão Quận 1 TPHCM',
        'TP Hồ Chí Minh',
        'Quận 1',
        'Miền Nam',
        '19006067'
    ),
    (
        3,
        '231 LÊ HỒNG PHONG',
        '231 - 233 Lê Hồng Phong, Phường 4, Quận 5, TP HCM',
        'TP Hồ Chí Minh',
        'Quận 5',
        'Miền Nam',
        '19006067'
    ),
    (
        4,
        '27 NGUYỄN ĐÁNG',
        'Số 27, đường Nguyễn Đáng, Khóm 1, Phường 7, TP Trà Vinh, Tỉnh Trà Vinh',
        'Trà Vinh',
        'TP Trà Vinh',
        'Miền Nam',
        '02943 747 474'
    ),
    (
        5,
        '43 NGUYỄN CƯ TRINH',
        '43 Nguyễn Cư Trinh , Phường Nguyễn Cư Trinh Quận 1 TPHCM',
        'TP Hồ Chí Minh',
        'Quận 1',
        'Miền Nam',
        '19006067'
    ),
    (
        6,
        'AN TRẠCH',
        '720 QL1A, ấp An Trạch, xã An Hiệp, huyện Châu Thành, tỉnh Sóc Trăng',
        'Sóc Trăng',
        'Huyện Châu Thành',
        'Miền Nam',
        '02993 872 872'
    ),
    (
        7,
        'BẾN XE BÀ RỊA',
        'Km 65, Quốc lộ 51, Khu phố 2, Phường Phước Trung, TP Bà Rịa, Tỉnh Bà Rịa-Vũng Tàu',
        'Bà Rịa-Vũng Tàu',
        'TP Bà Rịa',
        'Miền Nam',
        '02543 826 768'
    ),
    (
        8,
        'BẾN XE BẾN CÁT',
        '213 Đường D11, Phường Thới Hòa, Tx Bến Cát, Bình Dương',
        'Bình Dương',
        'Tx Bến Cát',
        'Miền Nam',
        '19006915'
    ),
    (
        9,
        'BẾN XE CÀ MAU',
        'Quốc lộ 1A, Lý Thường Kiệt, Phường 6, TP Cà Mau, T.Cà Mau',
        'Cà Mau',
        'TP Cà Mau',
        'Miền Nam',
        '02903 651 651'
    ),
    (
        10,
        'BẾN XE CHÂU ĐỐC',
        'QL 91, K Hòa Bình, P.Vĩnh Mỹ,TP Châu Đốc, An Giang',
        'An Giang',
        'TP Châu Đốc',
        'Miền Nam',
        '02963 989 999'
    ),
    (
        11,
        'BẾN XE NĂM CĂN',
        'Thị Trấn Năm Căn, H. Năm Căn, Tỉnh Cà Mau',
        'Cà Mau',
        'Huyện Năm Căn',
        'Miền Nam',
        '02903 715 715'
    ),
    (
        12,
        'BẾN XE NGÃ 4 GA',
        '720 QL1A, Khu Phố 3B, Phường Thạnh Lộc, Quận 12, TP HCM',
        'TP Hồ Chí Minh',
        'Quận 12',
        'Miền Nam',
        '19006067'
    ),
    (
        13,
        'BẾN XE Ô MÔN',
        'Khu vực 5- P.Châu Văn Liêm - Q.Ô môn - TP Cần Thơ',
        'Cần Thơ',
        'Quận Ô Môn',
        'Miền Nam',
        '02923 667 997'
    ),
    (
        14,
        'BẾN XE TRUNG TÂM TP CẦN THƠ',
        'Đối diện nhà Ga Bến xe khách trung tâm TP Cần Thơ, Khu Đô Thị Nam Cần Thơ- P.Hưng Thạnh - Q.Cái Răng',
        'Cần Thơ',
        'Quận Cái Răng',
        'Miền Nam',
        '19006919'
    ),
    (
        15,
        'BẾN XE VŨNG TÀU',
        '192 Đường Nam Kỳ Khởi Nghĩa Phường Thắng Tam TP Vũng Tàu, Tỉnh BRVT',
        'Bà Rịa-Vũng Tàu',
        'TP Vũng Tàu',
        'Miền Nam',
        '19006917'
    ),
    (
        16,
        'BỆNH VIỆN NHI ĐỒNG 3 (BV NHI TPHCM)',
        '15 đường Võ Trần Trí, Xã Tân Kiên, Huyện Bình Chánh, TP HCM',
        'TP Hồ Chí Minh',
        'Huyện Bình Chánh',
        'Miền Nam',
        '19006067'
    ),
    (
        17,
        'BÌNH MINH',
        'Ấp Thuận Tiến B , Xã Thuận An , Thị Xã Bình Minh, Tỉnh Vĩnh Long',
        'Vĩnh Long',
        'Tx Bình Minh',
        'Miền Nam',
        '02703 742 999'
    ),
    (
        18,
        'BX AN SƯƠNG',
        'QL22, Ấp Đông Lân, Xã Bà Điểm, Huyện Hóc Môn, TP HCM',
        'TP Hồ Chí Minh',
        'Huyện Hóc Môn',
        'Miền Nam',
        '19006067'
    ),
    (
        19,
        'BX BÌNH DƯƠNG',
        'Đường 30/04, Phường Chánh Nghĩa, Thủ Dầu Một, Bình Dương',
        'Bình Dương',
        'TP Thủ Dầu Một',
        'Miền Nam',
        '19006915'
    ),
    (
        20,
        'BX CAO LÃNH',
        'QL30, Ấp An Định, xã An Bình, huyện Cao Lãnh, tỉnh Đồng Tháp',
        'Đồng Tháp',
        'Huyện Cao Lãnh',
        'Miền Nam',
        '02773 636 636'
    ),
    (
        21,
        'BX ĐỒNG NAI',
        'Km 11, Quốc lộ 1, Phường An Bình, TP Biên Hòa, Tỉnh Đồng Nai',
        'Đồng Nai',
        'TP Biên Hòa',
        'Miền Nam',
        '02513 823 823'
    ),
    (
        22,
        'BX LONG XUYÊN',
        'Km 91, Quốc lộ 91, Phường Mỹ Thạnh, TP Long Xuyên, Tỉnh An Giang',
        'An Giang',
        'TP Long Xuyên',
        'Miền Nam',
        '02963 899 999'
    ),
    (
        23,
        'BX MỸ THO',
        'Đường Lý Thường Kiệt, Phường 5, TP Mỹ Tho, Tỉnh Tiền Giang',
        'Tiền Giang',
        'TP Mỹ Tho',
        'Miền Nam',
        '02733 873 873'
    ),
    (
        24,
        'BX RẠCH GIÁ',
        'Đường Nguyễn Văn Linh, Phường Vĩnh Lạc, TP Rạch Giá, Tỉnh Kiên Giang',
        'Kiên Giang',
        'TP Rạch Giá',
        'Miền Nam',
        '02973 947 947'
    ),
    (
        25,
        'BX PHÚ QUỐC',
        'Đường Nguyễn Trung Trực, Khu phố 5, Phường Dương Đông, TP Phú Quốc, Tỉnh Kiên Giang',
        'Kiên Giang',
        'TP Phú Quốc',
        'Miền Nam',
        '02973 987 987'
    ),
    (
        26,
        'BX TÂY NINH',
        'Số 7, Đường Trần Hưng Đạo, Phường 2, TP Tây Ninh, Tỉnh Tây Ninh',
        'Tây Ninh',
        'TP Tây Ninh',
        'Miền Nam',
        '02763 888 888'
    ),
    (
        27,
        'BX CỦ CHI',
        'Đường Quốc lộ 22, Khu phố 2, Thị trấn Củ Chi, Huyện Củ Chi, TP HCM',
        'TP Hồ Chí Minh',
        'Huyện Củ Chi',
        'Miền Nam',
        '19006067'
    ),
    (
        28,
        'BX TÂN AN',
        'Số 10, Đường Nguyễn Huệ, Phường 2, TP Tân An, Tỉnh Long An',
        'Long An',
        'TP Tân An',
        'Miền Nam',
        '02723 777 777'
    ),
    (
        29,
        'BX BẾN TRE',
        'Đường Nguyễn Đình Chiểu, Phường 7, TP Bến Tre, Tỉnh Bến Tre',
        'Bến Tre',
        'TP Bến Tre',
        'Miền Nam',
        '02753 874 874'
    ),
    (
        30,
        'BX SÓC TRĂNG',
        'Đường Lê Hồng Phong, Phường 6, TP Sóc Trăng, Tỉnh Sóc Trăng',
        'Sóc Trăng',
        'TP Sóc Trăng',
        'Miền Nam',
        '02993 878 878'
    ),
    (
        31,
        'BX HÀ TIÊN',
        'Đường Mạc Cửu, Phường Bình San, TP Hà Tiên, Tỉnh Kiên Giang',
        'Kiên Giang',
        'TP Hà Tiên',
        'Miền Nam',
        '02973 999 999'
    ),
    (
        32,
        'BX LÂM ĐỒNG',
        'Số 1, Đường Phạm Ngũ Lão, Phường 10, TP Đà Lạt, Tỉnh Lâm Đồng',
        'Lâm Đồng',
        'TP Đà Lạt',
        'Miền Nam',
        '02633 899 899'
    ),
    (
        33,
        'BX ĐẮK LẮK',
        'Đường Nguyễn Tất Thành, Phường Tân An, TP Buôn Ma Thuột, Tỉnh Đắk Lắk',
        'Đắk Lắk',
        'TP Buôn Ma Thuột',
        'Miền Nam',
        '02623 888 888'
    ),
    (
        34,
        'BX GIA LAI',
        'Số 8, Đường Lê Lợi, TP Pleiku, Tỉnh Gia Lai',
        'Gia Lai',
        'TP Pleiku',
        'Miền Nam',
        '02693 777 777'
    ),
    (
        35,
        'BX NHA TRANG',
        'Số 58, Đường 23/10, Phường Ngọc Hiệp, TP Nha Trang, Tỉnh Khánh Hòa',
        'Khánh Hòa',
        'TP Nha Trang',
        'Miền Trung',
        '02583 333 333'
    ),
    (
        36,
        'BX QUY NHƠN',
        'Số 16, Đường Nguyễn Huệ, TP Quy Nhơn, Tỉnh Bình Định',
        'Bình Định',
        'TP Quy Nhơn',
        'Miền Trung',
        '02563 222 222'
    ),
    (
        37,
        'BX PHAN THIẾT',
        'Số 12, Đường Trần Hưng Đạo, Phường Phú Thủy, TP Phan Thiết, Tỉnh Bình Thuận',
        'Bình Thuận',
        'TP Phan Thiết',
        'Miền Nam',
        '02523 444 444'
    ),
    (
        38,
        'BX BÌNH PHƯỚC',
        'Đường Quốc lộ 14, Phường Tân Bình, TP Đồng Xoài, Tỉnh Bình Phước',
        'Bình Phước',
        'TP Đồng Xoài',
        'Miền Nam',
        '02713 555 555'
    ),
    (
        39,
        'BX KON TUM',
        'Đường Bà Triệu, Phường Thống Nhất, TP Kon Tum, Tỉnh Kon Tum',
        'Kon Tum',
        'TP Kon Tum',
        'Miền Trung',
        '02603 666 666'
    ),
    (
        40,
        'BX ĐỒNG HỚI',
        'Số 25, Đường Lý Thường Kiệt, Phường Đồng Phú, TP Đồng Hới, Tỉnh Quảng Bình',
        'Quảng Bình',
        'TP Đồng Hới',
        'Miền Trung',
        '02323 999 999'
    ),
    (
        41,
        'BX HUẾ',
        '16 Đường Lê Lợi, Phường Vĩnh Ninh, TP Huế, Tỉnh Thừa Thiên Huế',
        'Thừa Thiên Huế',
        'TP Huế',
        'Miền Trung',
        '02343 888 888'
    ),
    (
        42,
        'BX ĐÀ NẴNG',
        '185 Đường Tôn Đức Thắng, Phường Hòa Minh, Quận Liên Chiểu, TP Đà Nẵng',
        'Đà Nẵng',
        'TP Đà Nẵng',
        'Miền Trung',
        '02363 777 777'
    ),
    (
        43,
        'BX TAM KỲ',
        'Số 1, Đường Hùng Vương, Phường An Mỹ, TP Tam Kỳ, Tỉnh Quảng Nam',
        'Quảng Nam',
        'TP Tam Kỳ',
        'Miền Trung',
        '02353 666 666'
    ),
    (
        44,
        'BX QUẢNG NGÃI',
        'Đường Nguyễn Tự Tân, Phường Nghĩa Lộ, TP Quảng Ngãi, Tỉnh Quảng Ngãi',
        'Quảng Ngãi',
        'TP Quảng Ngãi',
        'Miền Trung',
        '02553 555 555'
    ),
    (
        45,
        'BX HÀ TĨNH',
        'Đường Nguyễn Công Trứ, Phường Bắc Hà, TP Hà Tĩnh, Tỉnh Hà Tĩnh',
        'Hà Tĩnh',
        'TP Hà Tĩnh',
        'Miền Bắc',
        '02393 444 444'
    ),
    (
        46,
        'BX VINH',
        'Đường Lê Lợi, Phường Hưng Bình, TP Vinh, Tỉnh Nghệ An',
        'Nghệ An',
        'TP Vinh',
        'Miền Bắc',
        '02383 333 333'
    ),
    (
        47,
        'BX THANH HÓA',
        'Đường Trường Thi, Phường Trường Thi, TP Thanh Hóa, Tỉnh Thanh Hóa',
        'Thanh Hóa',
        'TP Thanh Hóa',
        'Miền Bắc',
        '02373 222 222'
    ),
    (
        48,
        'BX NINH BÌNH',
        'Đường Lê Đại Hành, Phường Đông Thành, TP Ninh Bình, Tỉnh Ninh Bình',
        'Ninh Bình',
        'TP Ninh Bình',
        'Miền Bắc',
        '02293 111 111'
    ),
    (
        49,
        'BX HẢI PHÒNG',
        'Số 1 Đường Bạch Đằng, Phường Thượng Lý, Quận Hồng Bàng, TP Hải Phòng',
        'Hải Phòng',
        'TP Hải Phòng',
        'Miền Bắc',
        '02253 999 999'
    ),
    (
        50,
        'BX HẠ LONG',
        'Đường Nguyễn Văn Cừ, Phường Hồng Hải, TP Hạ Long, Tỉnh Quảng Ninh',
        'Quảng Ninh',
        'TP Hạ Long',
        'Miền Bắc',
        '02033 888 888'
    ),
    (
        51,
        'BX YÊN BÁI',
        'Đường Nguyễn Tất Thành, Phường Yên Ninh, TP Yên Bái, Tỉnh Yên Bái',
        'Yên Bái',
        'TP Yên Bái',
        'Miền Bắc',
        '02163 777 777'
    ),
    (
        52,
        'BX LÀO CAI',
        'Đường Trần Hưng Đạo, Phường Bắc Cường, TP Lào Cai, Tỉnh Lào Cai',
        'Lào Cai',
        'TP Lào Cai',
        'Miền Bắc',
        '02143 666 666'
    ),
    (
        53,
        'BX SƠN LA',
        'Đường Trường Chinh, Phường Quyết Tâm, TP Sơn La, Tỉnh Sơn La',
        'Sơn La',
        'TP Sơn La',
        'Miền Bắc',
        '02123 555 555'
    ),
    (
        54,
        'BX ĐIỆN BIÊN',
        'Đường Võ Nguyên Giáp, Phường Tân Thanh, TP Điện Biên Phủ, Tỉnh Điện Biên',
        'Điện Biên',
        'TP Điện Biên Phủ',
        'Miền Bắc',
        '02153 444 444'
    ),
    (
        55,
        'BX LẠNG SƠN',
        'Đường Quốc lộ 1A, Phường Đông Kinh, TP Lạng Sơn, Tỉnh Lạng Sơn',
        'Lạng Sơn',
        'TP Lạng Sơn',
        'Miền Bắc',
        '02053 333 333'
    ),
    (
        56,
        'BX CAO BẰNG',
        'Đường Kim Đồng, Phường Hợp Giang, TP Cao Bằng, Tỉnh Cao Bằng',
        'Cao Bằng',
        'TP Cao Bằng',
        'Miền Bắc',
        '02063 222 222'
    ),
    (
        57,
        'BX BẮC NINH',
        'Đường Lý Thái Tổ, Phường Võ Cường, TP Bắc Ninh, Tỉnh Bắc Ninh',
        'Bắc Ninh',
        'TP Bắc Ninh',
        'Miền Bắc',
        '02223 111 111'
    ),
    (
        58,
        'BX PHÚ THỌ',
        'Đường Hùng Vương, Phường Nông Trang, TP Việt Trì, Tỉnh Phú Thọ',
        'Phú Thọ',
        'TP Việt Trì',
        'Miền Bắc',
        '02103 999 999'
    ),
    (
        59,
        'BX TÀI LỢI',
        'Đường Quốc lộ 6, Thị trấn Tài Lợi, Tỉnh Hòa Bình',
        'Hòa Bình',
        'Thị trấn Tài Lợi',
        'Miền Bắc',
        '02183 888 888'
    ),
    (
        60,
        'BX NAM ĐỊNH',
        'Đường Quốc lộ 10, Phường Lộc Hạ, TP Nam Định, Tỉnh Nam Định',
        'Nam Định',
        'TP Nam Định',
        'Miền Bắc',
        '02283 777 777'
    ),
    (
        61,
        'BX QUY NHƠN',
        'Đường Tây Sơn, Phường Nguyễn Văn Cừ, TP Quy Nhơn, Tỉnh Bình Định',
        'Bình Định',
        'TP Quy Nhơn',
        'Miền Trung',
        '02563 999 999'
    ),
    (
        62,
        'BX PHAN THIẾT',
        'Đường Lê Duẩn, Phường Phú Tài, TP Phan Thiết, Tỉnh Bình Thuận',
        'Bình Thuận',
        'TP Phan Thiết',
        'Miền Nam',
        '02523 888 888'
    ),
    (
        63,
        'BX NHA TRANG',
        'Đường 23 Tháng 10, Phường Vĩnh Hiệp, TP Nha Trang, Tỉnh Khánh Hòa',
        'Khánh Hòa',
        'TP Nha Trang',
        'Miền Trung',
        '02583 777 777'
    ),
    (
        64,
        'BX PLEIKU',
        'Đường Lê Thánh Tôn, Phường Phù Đổng, TP Pleiku, Tỉnh Gia Lai',
        'Gia Lai',
        'TP Pleiku',
        'Tây Nguyên',
        '02693 666 666'
    ),
    (
        65,
        'BX BUÔN MA THUỘT',
        'Đường Nguyễn Tất Thành, Phường Tân Lập, TP Buôn Ma Thuột, Tỉnh Đắk Lắk',
        'Đắk Lắk',
        'TP Buôn Ma Thuột',
        'Tây Nguyên',
        '02623 555 555'
    ),
    (
        66,
        'BX KON TUM',
        'Đường Phan Đình Phùng, Phường Thống Nhất, TP Kon Tum, Tỉnh Kon Tum',
        'Kon Tum',
        'TP Kon Tum',
        'Tây Nguyên',
        '02603 444 444'
    ),
    (
        67,
        'BX PHÚ YÊN',
        'Đường Hùng Vương, Phường 7, TP Tuy Hòa, Tỉnh Phú Yên',
        'Phú Yên',
        'TP Tuy Hòa',
        'Miền Trung',
        '02573 333 333'
    ),
    (
        68,
        'BX CAM RANH',
        'Đường Quốc lộ 1A, Phường Cam Lộc, TP Cam Ranh, Tỉnh Khánh Hòa',
        'Khánh Hòa',
        'TP Cam Ranh',
        'Miền Trung',
        '02583 222 222'
    ),
    (
        69,
        'BX LONG XUYÊN',
        'Đường Trần Hưng Đạo, Phường Mỹ Bình, TP Long Xuyên, Tỉnh An Giang',
        'An Giang',
        'TP Long Xuyên',
        'Miền Tây',
        '02963 111 111'
    ),
    (
        70,
        'BX CHÂU ĐỐC',
        'Đường Nguyễn Văn Thoại, Phường Châu Phú A, TP Châu Đốc, Tỉnh An Giang',
        'An Giang',
        'TP Châu Đốc',
        'Miền Tây',
        '02963 999 999'
    ),
    (
        71,
        'BX SÓC TRĂNG',
        'Đường Hùng Vương, Phường 6, TP Sóc Trăng, Tỉnh Sóc Trăng',
        'Sóc Trăng',
        'TP Sóc Trăng',
        'Miền Tây',
        '02993 888 888'
    ),
    (
        72,
        'BX TRÀ VINH',
        'Đường Điện Biên Phủ, Phường 7, TP Trà Vinh, Tỉnh Trà Vinh',
        'Trà Vinh',
        'TP Trà Vinh',
        'Miền Tây',
        '02943 777 777'
    ),
    (
        73,
        'BX RẠCH GIÁ',
        'Đường Nguyễn Bỉnh Khiêm, Phường Vĩnh Lạc, TP Rạch Giá, Tỉnh Kiên Giang',
        'Kiên Giang',
        'TP Rạch Giá',
        'Miền Tây',
        '02973 666 666'
    ),
    (
        74,
        'BX CÀ MAU',
        'Đường Lý Thường Kiệt, Phường 4, TP Cà Mau, Tỉnh Cà Mau',
        'Cà Mau',
        'TP Cà Mau',
        'Miền Tây',
        '02903 555 555'
    ),
    (
        75,
        'BX BẠC LIÊU',
        'Đường Trần Phú, Phường 3, TP Bạc Liêu, Tỉnh Bạc Liêu',
        'Bạc Liêu',
        'TP Bạc Liêu',
        'Miền Tây',
        '02913 444 444'
    ),
    (
        76,
        'BX ĐỒNG HỚI',
        'Đường Hùng Vương, Phường Nam Lý, TP Đồng Hới, Tỉnh Quảng Bình',
        'Quảng Bình',
        'TP Đồng Hới',
        'Miền Trung',
        '02323 333 333'
    ),
    (
        77,
        'BX ĐÔNG HÀ',
        'Đường Lý Thường Kiệt, Phường 1, TP Đông Hà, Tỉnh Quảng Trị',
        'Quảng Trị',
        'TP Đông Hà',
        'Miền Trung',
        '02333 222 222'
    ),
    (
        78,
        'BX HỒNG NGỰ',
        'Đường Võ Văn Kiệt, Phường An Thạnh, TX Hồng Ngự, Tỉnh Đồng Tháp',
        'Đồng Tháp',
        'TX Hồng Ngự',
        'Miền Tây',
        '02773 111 111'
    ),
    (
        79,
        'BX GÒ CÔNG',
        'Đường Quốc lộ 50, TX Gò Công, Tỉnh Tiền Giang',
        'Tiền Giang',
        'TX Gò Công',
        'Miền Tây',
        '02733 999 999'
    ),
    (
        80,
        'BX BẾN TRE',
        'Đường Nguyễn Huệ, Phường Phú Tân, TP Bến Tre, Tỉnh Bến Tre',
        'Bến Tre',
        'TP Bến Tre',
        'Miền Tây',
        '02753 888 888'
    ),
    (
        81,
        'BX HÀ TIÊN',
        'Đường Mạc Cửu, Phường Đông Hồ, TP Hà Tiên, Tỉnh Kiên Giang',
        'Kiên Giang',
        'TP Hà Tiên',
        'Miền Tây',
        '02973 123 456'
    ),
    (
        82,
        'BX THANH HÓA',
        'Đường Lê Hoàn, Phường Lam Sơn, TP Thanh Hóa, Tỉnh Thanh Hóa',
        'Thanh Hóa',
        'TP Thanh Hóa',
        'Miền Bắc',
        '02373 987 654'
    ),
    (
        83,
        'BX SẦM SƠN',
        'Đường Hồ Xuân Hương, Phường Trung Sơn, TP Sầm Sơn, Tỉnh Thanh Hóa',
        'Thanh Hóa',
        'TP Sầm Sơn',
        'Miền Bắc',
        '02373 555 666'
    ),
    (
        84,
        'BX NINH BÌNH',
        'Đường Trần Hưng Đạo, Phường Tân Thành, TP Ninh Bình, Tỉnh Ninh Bình',
        'Ninh Bình',
        'TP Ninh Bình',
        'Miền Bắc',
        '02293 888 999'
    ),
    (
        85,
        'BX TAM ĐIỆP',
        'Đường Đinh Tiên Hoàng, TP Tam Điệp, Tỉnh Ninh Bình',
        'Ninh Bình',
        'TP Tam Điệp',
        'Miền Bắc',
        '02293 444 555'
    ),
    (
        86,
        'BX HƯNG YÊN',
        'Đường Nguyễn Văn Linh, Phường Hiến Nam, TP Hưng Yên, Tỉnh Hưng Yên',
        'Hưng Yên',
        'TP Hưng Yên',
        'Miền Bắc',
        '02213 333 222'
    ),
    (
        87,
        'BX BẮC GIANG',
        'Đường Xương Giang, TP Bắc Giang, Tỉnh Bắc Giang',
        'Bắc Giang',
        'TP Bắc Giang',
        'Miền Bắc',
        '02043 111 999'
    ),
    (
        88,
        'BX BẮC NINH',
        'Đường Lý Thái Tổ, TP Bắc Ninh, Tỉnh Bắc Ninh',
        'Bắc Ninh',
        'TP Bắc Ninh',
        'Miền Bắc',
        '02223 222 333'
    ),
    (
        89,
        'BX LẠNG SƠN',
        'Đường Quốc lộ 1A, TP Lạng Sơn, Tỉnh Lạng Sơn',
        'Lạng Sơn',
        'TP Lạng Sơn',
        'Miền Bắc',
        '02053 777 888'
    ),
    (
        90,
        'BX ĐIỆN BIÊN PHỦ',
        'Đường Võ Nguyên Giáp, Phường Him Lam, TP Điện Biên Phủ, Tỉnh Điện Biên',
        'Điện Biên',
        'TP Điện Biên Phủ',
        'Miền Bắc',
        '02153 123 123'
    ),
    (
        91,
        'BX SƠN LA',
        'Đường Trường Chinh, TP Sơn La, Tỉnh Sơn La',
        'Sơn La',
        'TP Sơn La',
        'Miền Bắc',
        '02123 456 789'
    ),
    (
        92,
        'BX CAO BẰNG',
        'Đường Phai Khắt Nà Ngần, TP Cao Bằng, Tỉnh Cao Bằng',
        'Cao Bằng',
        'TP Cao Bằng',
        'Miền Bắc',
        '02063 999 000'
    ),
    (
        93,
        'BX HÀ NAM',
        'Đường Trần Hưng Đạo, TP Phủ Lý, Tỉnh Hà Nam',
        'Hà Nam',
        'TP Phủ Lý',
        'Miền Bắc',
        '02263 555 444'
    ),
    (
        94,
        'BX QUẢNG NAM',
        'Đường Hùng Vương, TP Tam Kỳ, Tỉnh Quảng Nam',
        'Quảng Nam',
        'TP Tam Kỳ',
        'Miền Trung',
        '02353 222 333'
    ),
    (
        95,
        'BX QUẢNG NGÃI',
        'Đường Lê Thánh Tôn, TP Quảng Ngãi, Tỉnh Quảng Ngãi',
        'Quảng Ngãi',
        'TP Quảng Ngãi',
        'Miền Trung',
        '02553 666 777'
    ),
    (
        96,
        'BX HÀ TĨNH',
        'Đường Nguyễn Du, TP Hà Tĩnh, Tỉnh Hà Tĩnh',
        'Hà Tĩnh',
        'TP Hà Tĩnh',
        'Miền Trung',
        '02393 888 555'
    ),
    (
        97,
        'BX QUẢNG NINH',
        'Đường Trần Quốc Nghiễn, TP Hạ Long, Tỉnh Quảng Ninh',
        'Quảng Ninh',
        'TP Hạ Long',
        'Miền Bắc',
        '02033 111 222'
    ),
    (
        98,
        'BX VŨNG TÀU',
        'Đường 2 Tháng 9, TP Vũng Tàu, Tỉnh Bà Rịa - Vũng Tàu',
        'Bà Rịa - Vũng Tàu',
        'TP Vũng Tàu',
        'Miền Nam',
        '02543 999 111'
    ),
    (
        99,
        'BX ĐỒNG XOÀI',
        'Đường Phú Riềng Đỏ, TP Đồng Xoài, Tỉnh Bình Phước',
        'Bình Phước',
        'TP Đồng Xoài',
        'Miền Nam',
        '02713 333 000'
    ),
    (
        100,
        'BX GIA NGHĨA',
        'Đường Quang Trung, TP Gia Nghĩa, Tỉnh Đắk Nông',
        'Đắk Nông',
        'TP Gia Nghĩa',
        'Tây Nguyên',
        '02613 888 999'
    ),
    (
        101,
        'BX PHÚ THỌ',
        'Đường Hùng Vương, TP Việt Trì, Tỉnh Phú Thọ',
        'Phú Thọ',
        'TP Việt Trì',
        'Miền Bắc',
        '02103 555 777'
    ),
    (
        102,
        'BX LÀO CAI',
        'Đường Trần Hưng Đạo, TP Lào Cai, Tỉnh Lào Cai',
        'Lào Cai',
        'TP Lào Cai',
        'Miền Bắc',
        '02143 444 999'
    ),
    (
        103,
        'BX YÊN BÁI',
        'Đường Điện Biên, TP Yên Bái, Tỉnh Yên Bái',
        'Yên Bái',
        'TP Yên Bái',
        'Miền Bắc',
        '02163 123 456'
    ),
    (
        104,
        'BX TÂY NINH',
        'Đường Cách Mạng Tháng 8, TP Tây Ninh, Tỉnh Tây Ninh',
        'Tây Ninh',
        'TP Tây Ninh',
        'Miền Nam',
        '02763 456 789'
    ),
    (
        105,
        'BX HÒA BÌNH',
        'Đường Chi Lăng, TP Hòa Bình, Tỉnh Hòa Bình',
        'Hòa Bình',
        'TP Hòa Bình',
        'Miền Bắc',
        '02183 999 333'
    ),
    (
        106,
        'BX TÂY SƠN',
        'Đường Quốc lộ 1A, Huyện Tây Sơn, Tỉnh Bình Định',
        'Bình Định',
        'Huyện Tây Sơn',
        'Miền Trung',
        '02563 777 888'
    ),
    (
        107,
        'BX GIA LAI',
        'Đường Trần Phú, TP Pleiku, Tỉnh Gia Lai',
        'Gia Lai',
        'TP Pleiku',
        'Tây Nguyên',
        '02693 333 222'
    ),
    (
        108,
        'BX KON TUM',
        'Đường Phạm Văn Đồng, TP Kon Tum, Tỉnh Kon Tum',
        'Kon Tum',
        'TP Kon Tum',
        'Tây Nguyên',
        '02603 555 111'
    ),
    (
        109,
        'BX ĐẮK LẮK',
        'Đường Lê Duẩn, TP Buôn Ma Thuột, Tỉnh Đắk Lắk',
        'Đắk Lắk',
        'TP Buôn Ma Thuột',
        'Tây Nguyên',
        '02623 666 444'
    ),
    (
        110,
        'BX AN GIANG',
        'Đường Nguyễn Trãi, TP Long Xuyên, Tỉnh An Giang',
        'An Giang',
        'TP Long Xuyên',
        'Miền Tây',
        '02963 123 888'
    ),
    (
        111,
        'BX BẾN TRE',
        'Đường Nguyễn Huệ, TP Bến Tre, Tỉnh Bến Tre',
        'Bến Tre',
        'TP Bến Tre',
        'Miền Tây',
        '02753 999 666'
    ),
    (
        112,
        'BX TIỀN GIANG',
        'Đường Hùng Vương, TP Mỹ Tho, Tỉnh Tiền Giang',
        'Tiền Giang',
        'TP Mỹ Tho',
        'Miền Tây',
        '02773 444 777'
    ),
    (
        113,
        'BX HẬU GIANG',
        'Đường Nguyễn Thái Học, TP Vị Thanh, Tỉnh Hậu Giang',
        'Hậu Giang',
        'TP Vị Thanh',
        'Miền Tây',
        '02933 555 111'
    ),
    (
        114,
        'BX LONG AN',
        'Đường Quốc lộ 1A, TP Tân An, Tỉnh Long An',
        'Long An',
        'TP Tân An',
        'Miền Tây',
        '02723 888 999'
    ),
    (
        115,
        'BX TRÀ VINH',
        'Đường Nguyễn Đáng, TP Trà Vinh, Tỉnh Trà Vinh',
        'Trà Vinh',
        'TP Trà Vinh',
        'Miền Tây',
        '02943 222 444'
    ),
    (
        116,
        'BX VĨNH LONG',
        'Đường Phạm Thái Bường, TP Vĩnh Long, Tỉnh Vĩnh Long',
        'Vĩnh Long',
        'TP Vĩnh Long',
        'Miền Tây',
        '02783 333 555'
    ),
    (
        117,
        'BX QUẢNG BÌNH',
        'Đường Lý Thường Kiệt, TP Đồng Hới, Tỉnh Quảng Bình',
        'Quảng Bình',
        'TP Đồng Hới',
        'Miền Trung',
        '02323 444 666'
    ),
    (
        118,
        'BX QUẢNG TRỊ',
        'Đường Hùng Vương, TP Đông Hà, Tỉnh Quảng Trị',
        'Quảng Trị',
        'TP Đông Hà',
        'Miền Trung',
        '02333 777 222'
    ),
    (
        119,
        'BX HUẾ',
        'Đường Bến Nghé, TP Huế, Tỉnh Thừa Thiên Huế',
        'Thừa Thiên Huế',
        'TP Huế',
        'Miền Trung',
        '02343 888 111'
    ),
    (
        120,
        'BX NHA TRANG',
        'Đường 23 Tháng 10, TP Nha Trang, Tỉnh Khánh Hòa',
        'Khánh Hòa',
        'TP Nha Trang',
        'Miền Trung',
        '02583 111 333'
    ),
    (
        121,
        'BX SƠN LA',
        'Đường Chu Văn Thịnh, TP Sơn La, Tỉnh Sơn La',
        'Sơn La',
        'TP Sơn La',
        'Miền Bắc',
        '02123 456 789'
    ),
    (
        122,
        'BX LAI CHÂU',
        'Đường Trần Hưng Đạo, TP Lai Châu, Tỉnh Lai Châu',
        'Lai Châu',
        'TP Lai Châu',
        'Miền Bắc',
        '02113 444 555'
    ),
    (
        123,
        'BX ĐIỆN BIÊN',
        'Đường Võ Nguyên Giáp, TP Điện Biên Phủ, Tỉnh Điện Biên',
        'Điện Biên',
        'TP Điện Biên Phủ',
        'Miền Bắc',
        '02153 777 888'
    ),
    (
        124,
        'BX CAO BẰNG',
        'Đường Trần Phú, TP Cao Bằng, Tỉnh Cao Bằng',
        'Cao Bằng',
        'TP Cao Bằng',
        'Miền Bắc',
        '02063 999 111'
    ),
    (
        125,
        'BX BẮC KẠN',
        'Đường Nguyễn Văn Cừ, TP Bắc Kạn, Tỉnh Bắc Kạn',
        'Bắc Kạn',
        'TP Bắc Kạn',
        'Miền Bắc',
        '02093 222 333'
    ),
    (
        126,
        'BX LẠNG SƠN',
        'Đường Lê Lợi, TP Lạng Sơn, Tỉnh Lạng Sơn',
        'Lạng Sơn',
        'TP Lạng Sơn',
        'Miền Bắc',
        '02053 333 444'
    ),
    (
        127,
        'BX HÀ GIANG',
        'Đường Nguyễn Trãi, TP Hà Giang, Tỉnh Hà Giang',
        'Hà Giang',
        'TP Hà Giang',
        'Miền Bắc',
        '02193 555 666'
    ),
    (
        128,
        'BX BẮC GIANG',
        'Đường Hùng Vương, TP Bắc Giang, Tỉnh Bắc Giang',
        'Bắc Giang',
        'TP Bắc Giang',
        'Miền Bắc',
        '02043 777 999'
    ),
    (
        129,
        'BX HẢI DƯƠNG',
        'Đường Nguyễn Lương Bằng, TP Hải Dương, Tỉnh Hải Dương',
        'Hải Dương',
        'TP Hải Dương',
        'Miền Bắc',
        '02203 444 222'
    ),
    (
        130,
        'BX NINH BÌNH',
        'Đường Lê Hồng Phong, TP Ninh Bình, Tỉnh Ninh Bình',
        'Ninh Bình',
        'TP Ninh Bình',
        'Miền Bắc',
        '02293 888 777'
    ),
    (
        131,
        'BX NAM ĐỊNH',
        'Đường Trần Nhân Tông, TP Nam Định, Tỉnh Nam Định',
        'Nam Định',
        'TP Nam Định',
        'Miền Bắc',
        '02283 222 111'
    ),
    (
        132,
        'BX HƯNG YÊN',
        'Đường Phạm Ngũ Lão, TP Hưng Yên, Tỉnh Hưng Yên',
        'Hưng Yên',
        'TP Hưng Yên',
        'Miền Bắc',
        '02213 999 666'
    ),
    (
        133,
        'BX QUẢNG NAM',
        'Đường Trần Hưng Đạo, TP Tam Kỳ, Tỉnh Quảng Nam',
        'Quảng Nam',
        'TP Tam Kỳ',
        'Miền Trung',
        '02353 333 111'
    ),
    (
        134,
        'BX QUẢNG NGÃI',
        'Đường Phan Đình Phùng, TP Quảng Ngãi, Tỉnh Quảng Ngãi',
        'Quảng Ngãi',
        'TP Quảng Ngãi',
        'Miền Trung',
        '02553 222 555'
    ),
    (
        135,
        'BX PHÚ YÊN',
        'Đường Lê Duẩn, TP Tuy Hòa, Tỉnh Phú Yên',
        'Phú Yên',
        'TP Tuy Hòa',
        'Miền Trung',
        '02573 111 999'
    ),
    (
        136,
        'BX ĐẮK NÔNG',
        'Đường Trần Hưng Đạo, TP Gia Nghĩa, Tỉnh Đắk Nông',
        'Đắk Nông',
        'TP Gia Nghĩa',
        'Tây Nguyên',
        '02613 444 333'
    ),
    (
        137,
        'BX BÌNH PHƯỚC',
        'Đường Hùng Vương, TP Đồng Xoài, Tỉnh Bình Phước',
        'Bình Phước',
        'TP Đồng Xoài',
        'Miền Nam',
        '02713 666 777'
    ),
    (
        138,
        'BX BÌNH THUẬN',
        'Đường Lê Lợi, TP Phan Thiết, Tỉnh Bình Thuận',
        'Bình Thuận',
        'TP Phan Thiết',
        'Miền Trung',
        '02523 555 222'
    ),
    (
        139,
        'BX BÀ RỊA',
        'Đường Trần Hưng Đạo, TP Bà Rịa, Tỉnh Bà Rịa - Vũng Tàu',
        'Bà Rịa - Vũng Tàu',
        'TP Bà Rịa',
        'Miền Nam',
        '02543 888 111'
    ),
    (
        140,
        'BX CẦN GIỜ',
        'Đường Rừng Sác, Huyện Cần Giờ, TP Hồ Chí Minh',
        'TP Hồ Chí Minh',
        'Huyện Cần Giờ',
        'Miền Nam',
        '02863 777 444'
    );

INSERT INTO
    `route_checkpoint` (
        `route_code`,
        `checkpoint_id`,
        `checkpoint_order`,
        `type`
    )
VALUES
    ('BLHCM', 26, 2, 'drop_off'),
    ('BLHCM', 96, 1, 'departure'),
    ('BR-VTHCM', 15, 1, 'departure'),
    ('BR-VTHCM', 27, 2, 'drop_off'),
    ('CDHCM', 10, 1, 'departure'),
    ('CDHCM', 27, 2, 'drop_off'),
    ('CMCT', 9, 1, 'departure'),
    ('CMCT', 14, 2, 'drop_off'),
    ('CTCM', 9, 2, 'drop_off'),
    ('CTCM', 14, 1, 'departure'),
    ('CTHCM', 14, 1, 'departure'),
    ('CTHCM', 27, 2, 'drop_off'),
    ('CTHCM', 52, 2, 'rest'),
    ('CTRG', 14, 1, 'departure'),
    ('CTRG', 79, 2, 'drop_off'),
    ('DLHCM', 27, 2, 'drop_off'),
    ('DLHCM', 59, 2, 'rest'),
    ('DLHCM', 97, 1, 'departure'),
    ('DNHCM', 27, 2, 'drop_off'),
    ('DNHCM', 128, 1, 'departure'),
    ('DONAHCM', 26, 2, 'drop_off'),
    ('DONAHCM', 58, 1, 'departure'),
    ('DTHCM', 27, 2, 'drop_off'),
    ('DTHCM', 30, 1, 'departure'),
    ('DTHCM', 52, 2, 'rest'),
    ('HCMBL', 26, 1, 'departure'),
    ('HCMBL', 96, 2, 'drop_off'),
    ('HCMBR-VT', 15, 2, 'drop_off'),
    ('HCMBR-VT', 27, 1, 'departure'),
    ('HCMCD', 10, 2, 'drop_off'),
    ('HCMCD', 27, 1, 'departure'),
    ('HCMCT', 14, 3, 'drop_off'),
    ('HCMCT', 27, 1, 'departure'),
    ('HCMCT', 52, 2, 'rest'),
    ('HCMDL', 27, 1, 'departure'),
    ('HCMDL', 59, 2, 'rest'),
    ('HCMDL', 97, 2, 'drop_off'),
    ('HCMDN', 27, 1, 'departure'),
    ('HCMDN', 128, 2, 'drop_off'),
    ('HCMDONA', 26, 1, 'departure'),
    ('HCMDONA', 58, 2, 'drop_off'),
    ('HCMDT', 27, 1, 'departure'),
    ('HCMDT', 30, 2, 'drop_off'),
    ('HCMDT', 52, 2, 'rest'),
    ('HCMLX ', 24, 2, 'drop_off'),
    ('HCMLX ', 27, 1, 'departure'),
    ('HCMNT ', 26, 1, 'departure'),
    ('HCMNT ', 137, 2, 'drop_off'),
    ('HCMPT', 26, 1, 'departure'),
    ('HCMPT', 50, 2, 'drop_off'),
    ('HCMQNG', 27, 1, 'departure'),
    ('HCMQNG', 115, 2, 'drop_off'),
    ('HCMQNH', 27, 1, 'departure'),
    ('HCMQNH', 116, 2, 'drop_off'),
    ('HCMRG', 27, 1, 'departure'),
    ('HCMRG', 79, 2, 'drop_off'),
    ('HCMTH', 18, 1, 'departure'),
    ('HCMTH', 130, 2, 'drop_off'),
    ('HCMTN', 18, 1, 'departure'),
    ('HCMTN', 33, 3, 'drop_off'),
    ('HCMTTH', 27, 1, 'departure'),
    ('HCMTTH', 114, 2, 'drop_off'),
    ('HCMTV', 27, 1, 'departure'),
    ('HCMTV', 35, 4, 'drop_off'),
    ('HCMTV', 52, 2, 'rest'),
    ('HCMTV', 85, 3, 'en_route'),
    ('LXHCM', 24, 1, 'departure'),
    ('LXHCM', 27, 2, 'drop_off'),
    ('NTHCM', 26, 2, 'drop_off'),
    ('NTHCM', 137, 1, 'departure'),
    ('PTHCM', 26, 2, 'drop_off'),
    ('PTHCM', 50, 1, 'departure'),
    ('QNGHCM', 27, 2, 'drop_off'),
    ('QNGHCM', 115, 1, 'departure'),
    ('QNHHCM', 27, 2, 'drop_off'),
    ('QNHHCM', 116, 1, 'departure'),
    ('RGCT', 14, 2, 'drop_off'),
    ('RGCT', 79, 1, 'departure'),
    ('RGHCM', 27, 2, 'drop_off'),
    ('RGHCM', 79, 1, 'departure'),
    ('THHCM', 18, 2, 'drop_off'),
    ('THHCM', 130, 1, 'departure'),
    ('TNHCM', 18, 2, 'drop_off'),
    ('TNHCM', 33, 1, 'departure'),
    ('TTHHCM', 27, 2, 'drop_off'),
    ('TTHHCM', 114, 1, 'departure'),
    ('TVHCM', 27, 2, 'drop_off'),
    ('TVHCM', 35, 1, 'departure'),
    ('TVHCM', 52, 3, 'rest'),
    ('TVHCM', 85, 2, 'en_route');

INSERT INTO
    `bus` (`bus_id`, `seat_type`, `number_of_seat`)
VALUES
    ('14F.555-016', 'economy', 36),
    ('14F.555-034', 'economy', 36),
    ('14F.555-052', 'economy', 36),
    ('14F.555-070', 'economy', 36),
    ('14F.666-007', 'economy', 36),
    ('14F.666-025', 'economy', 36),
    ('14F.666-043', 'economy', 36),
    ('14F.666-061', 'economy', 36),
    ('14F.666-079', 'economy', 36),
    ('29F.555-014', 'economy', 36),
    ('29F.555-032', 'economy', 36),
    ('29F.555-050', 'economy', 36),
    ('29F.555-068', 'economy', 36),
    ('29F.666-023', 'economy', 36),
    ('29F.666-041', 'economy', 36),
    ('29F.666-059', 'economy', 36),
    ('29F.666-077', 'economy', 36),
    ('36F.555-018', 'economy', 36),
    ('36F.555-036', 'economy', 36),
    ('36F.555-054', 'economy', 36),
    ('36F.555-072', 'economy', 36),
    ('36F.666-027', 'economy', 36),
    ('36F.666-045', 'economy', 36),
    ('36F.666-063', 'economy', 36),
    ('43F.666-003', 'economy', 36),
    ('51F.555-020', 'economy', 45),
    ('51F.555-038', 'economy', 45),
    ('51F.555-056', 'economy', 45),
    ('51F.555-074', 'economy', 45),
    ('51F.666-001', 'economy', 36),
    ('51F.666-005', 'economy', 36),
    ('60F.555-010', 'economy', 36),
    ('92F.555-012', 'economy', 36),
    ('92F.555-030', 'economy', 36),
    ('92F.555-048', 'economy', 36),
    ('92F.555-066', 'economy', 36),
    ('92F.666-021', 'economy', 36),
    ('92F.666-039', 'economy', 36),
    ('92F.666-057', 'economy', 36),
    ('92F.666-075', 'economy', 36),
    ('29F.555-002', 'limousine', 34),
    ('30F.555-004', 'limousine', 34),
    ('30F.555-028', 'economy', 45),
    ('30F.555-046', 'economy', 45),
    ('30F.555-064', 'economy', 45),
    ('30F.666-019', 'limousine', 34),
    ('30F.666-037', 'limousine', 34),
    ('30F.666-055', 'limousine', 34),
    ('30F.666-073', 'limousine', 34),
    ('43F.555-022', 'limousine', 34),
    ('43F.555-040', 'limousine', 34),
    ('43F.555-058', 'limousine', 34),
    ('43F.555-076', 'limousine', 34),
    ('43F.666-013', 'limousine', 34),
    ('43F.666-031', 'limousine', 34),
    ('43F.666-049', 'limousine', 34),
    ('43F.666-067', 'limousine', 34),
    ('60F.555-026', 'limousine', 34),
    ('60F.555-044', 'limousine', 34),
    ('60F.555-062', 'limousine', 34),
    ('60F.555-080', 'limousine', 34),
    ('60F.666-017', 'limousine', 34),
    ('60F.666-035', 'limousine', 34),
    ('60F.666-053', 'limousine', 34),
    ('60F.666-071', 'limousine', 34),
    ('75F.555-008', 'economy', 45),
    ('75F.555-024', 'limousine', 34),
    ('75F.555-042', 'limousine', 34),
    ('75F.555-060', 'limousine', 34),
    ('75F.555-078', 'limousine', 34),
    ('75F.666-015', 'limousine', 34),
    ('75F.666-033', 'limousine', 34),
    ('75F.666-051', 'limousine', 34),
    ('75F.666-069', 'limousine', 34),
    ('92F.555-006', 'limousine', 34),
    ('51F.666-011', 'limousine', 34),
    ('51F.666-029', 'limousine', 34),
    ('51F.666-047', 'limousine', 34),
    ('51F.666-065', 'limousine', 34),
    ('36F.666-009', 'limousine', 34);

INSERT INTO
    `bus_seats` (`bus_id`, `seat_name`)
VALUES
    ('14F.555-016', 'A1'),
    ('14F.555-016', 'A2'),
    ('14F.555-016', 'A3'),
    ('14F.555-016', 'A4'),
    ('14F.555-016', 'A5'),
    ('14F.555-016', 'A6'),
    ('14F.555-016', 'A7'),
    ('14F.555-016', 'A8'),
    ('14F.555-016', 'A9'),
    ('14F.555-016', 'A10'),
    ('14F.555-016', 'A11'),
    ('14F.555-016', 'A12'),
    ('14F.555-016', 'A13'),
    ('14F.555-016', 'A14'),
    ('14F.555-016', 'A15'),
    ('14F.555-016', 'A16'),
    ('14F.555-016', 'A17'),
    ('14F.555-016', 'A18'),
    ('14F.555-016', 'B1'),
    ('14F.555-016', 'B2'),
    ('14F.555-016', 'B3'),
    ('14F.555-016', 'B4'),
    ('14F.555-016', 'B5'),
    ('14F.555-016', 'B6'),
    ('14F.555-016', 'B7'),
    ('14F.555-016', 'B8'),
    ('14F.555-016', 'B9'),
    ('14F.555-016', 'B10'),
    ('14F.555-016', 'B11'),
    ('14F.555-016', 'B12'),
    ('14F.555-016', 'B13'),
    ('14F.555-016', 'B14'),
    ('14F.555-016', 'B15'),
    ('14F.555-016', 'B16'),
    ('14F.555-016', 'B17'),
    ('14F.555-016', 'B18'),
    ('14F.555-034', 'A1'),
    ('14F.555-034', 'A2'),
    ('14F.555-034', 'A3'),
    ('14F.555-034', 'A4'),
    ('14F.555-034', 'A5'),
    ('14F.555-034', 'A6'),
    ('14F.555-034', 'A7'),
    ('14F.555-034', 'A8'),
    ('14F.555-034', 'A9'),
    ('14F.555-034', 'A10'),
    ('14F.555-034', 'A11'),
    ('14F.555-034', 'A12'),
    ('14F.555-034', 'A13'),
    ('14F.555-034', 'A14'),
    ('14F.555-034', 'A15'),
    ('14F.555-034', 'A16'),
    ('14F.555-034', 'A17'),
    ('14F.555-034', 'A18'),
    ('14F.555-034', 'B1'),
    ('14F.555-034', 'B2'),
    ('14F.555-034', 'B3'),
    ('14F.555-034', 'B4'),
    ('14F.555-034', 'B5'),
    ('14F.555-034', 'B6'),
    ('14F.555-034', 'B7'),
    ('14F.555-034', 'B8'),
    ('14F.555-034', 'B9'),
    ('14F.555-034', 'B10'),
    ('14F.555-034', 'B11'),
    ('14F.555-034', 'B12'),
    ('14F.555-034', 'B13'),
    ('14F.555-034', 'B14'),
    ('14F.555-034', 'B15'),
    ('14F.555-034', 'B16'),
    ('14F.555-034', 'B17'),
    ('14F.555-034', 'B18'),
    ('14F.555-052', 'A1'),
    ('14F.555-052', 'A2'),
    ('14F.555-052', 'A3'),
    ('14F.555-052', 'A4'),
    ('14F.555-052', 'A5'),
    ('14F.555-052', 'A6'),
    ('14F.555-052', 'A7'),
    ('14F.555-052', 'A8'),
    ('14F.555-052', 'A9'),
    ('14F.555-052', 'A10'),
    ('14F.555-052', 'A11'),
    ('14F.555-052', 'A12'),
    ('14F.555-052', 'A13'),
    ('14F.555-052', 'A14'),
    ('14F.555-052', 'A15'),
    ('14F.555-052', 'A16'),
    ('14F.555-052', 'A17'),
    ('14F.555-052', 'A18'),
    ('14F.555-052', 'B1'),
    ('14F.555-052', 'B2'),
    ('14F.555-052', 'B3'),
    ('14F.555-052', 'B4'),
    ('14F.555-052', 'B5'),
    ('14F.555-052', 'B6'),
    ('14F.555-052', 'B7'),
    ('14F.555-052', 'B8'),
    ('14F.555-052', 'B9'),
    ('14F.555-052', 'B10'),
    ('14F.555-052', 'B11'),
    ('14F.555-052', 'B12'),
    ('14F.555-052', 'B13'),
    ('14F.555-052', 'B14'),
    ('14F.555-052', 'B15'),
    ('14F.555-052', 'B16'),
    ('14F.555-052', 'B17'),
    ('14F.555-052', 'B18'),
    ('14F.555-070', 'A1'),
    ('14F.555-070', 'A2'),
    ('14F.555-070', 'A3'),
    ('14F.555-070', 'A4'),
    ('14F.555-070', 'A5'),
    ('14F.555-070', 'A6'),
    ('14F.555-070', 'A7'),
    ('14F.555-070', 'A8'),
    ('14F.555-070', 'A9'),
    ('14F.555-070', 'A10'),
    ('14F.555-070', 'A11'),
    ('14F.555-070', 'A12'),
    ('14F.555-070', 'A13'),
    ('14F.555-070', 'A14'),
    ('14F.555-070', 'A15'),
    ('14F.555-070', 'A16'),
    ('14F.555-070', 'A17'),
    ('14F.555-070', 'A18'),
    ('14F.555-070', 'B1'),
    ('14F.555-070', 'B2'),
    ('14F.555-070', 'B3'),
    ('14F.555-070', 'B4'),
    ('14F.555-070', 'B5'),
    ('14F.555-070', 'B6'),
    ('14F.555-070', 'B7'),
    ('14F.555-070', 'B8'),
    ('14F.555-070', 'B9'),
    ('14F.555-070', 'B10'),
    ('14F.555-070', 'B11'),
    ('14F.555-070', 'B12'),
    ('14F.555-070', 'B13'),
    ('14F.555-070', 'B14'),
    ('14F.555-070', 'B15'),
    ('14F.555-070', 'B16'),
    ('14F.555-070', 'B17'),
    ('14F.555-070', 'B18'),
    ('14F.666-007', 'A1'),
    ('14F.666-007', 'A2'),
    ('14F.666-007', 'A3'),
    ('14F.666-007', 'A4'),
    ('14F.666-007', 'A5'),
    ('14F.666-007', 'A6'),
    ('14F.666-007', 'A7'),
    ('14F.666-007', 'A8'),
    ('14F.666-007', 'A9'),
    ('14F.666-007', 'A10'),
    ('14F.666-007', 'A11'),
    ('14F.666-007', 'A12'),
    ('14F.666-007', 'A13'),
    ('14F.666-007', 'A14'),
    ('14F.666-007', 'A15'),
    ('14F.666-007', 'A16'),
    ('14F.666-007', 'A17'),
    ('14F.666-007', 'A18'),
    ('14F.666-007', 'B1'),
    ('14F.666-007', 'B2'),
    ('14F.666-007', 'B3'),
    ('14F.666-007', 'B4'),
    ('14F.666-007', 'B5'),
    ('14F.666-007', 'B6'),
    ('14F.666-007', 'B7'),
    ('14F.666-007', 'B8'),
    ('14F.666-007', 'B9'),
    ('14F.666-007', 'B10'),
    ('14F.666-007', 'B11'),
    ('14F.666-007', 'B12'),
    ('14F.666-007', 'B13'),
    ('14F.666-007', 'B14'),
    ('14F.666-007', 'B15'),
    ('14F.666-007', 'B16'),
    ('14F.666-007', 'B17'),
    ('14F.666-007', 'B18'),
    ('14F.666-025', 'A1'),
    ('14F.666-025', 'A2'),
    ('14F.666-025', 'A3'),
    ('14F.666-025', 'A4'),
    ('14F.666-025', 'A5'),
    ('14F.666-025', 'A6'),
    ('14F.666-025', 'A7'),
    ('14F.666-025', 'A8'),
    ('14F.666-025', 'A9'),
    ('14F.666-025', 'A10'),
    ('14F.666-025', 'A11'),
    ('14F.666-025', 'A12'),
    ('14F.666-025', 'A13'),
    ('14F.666-025', 'A14'),
    ('14F.666-025', 'A15'),
    ('14F.666-025', 'A16'),
    ('14F.666-025', 'A17'),
    ('14F.666-025', 'A18'),
    ('14F.666-025', 'B1'),
    ('14F.666-025', 'B2'),
    ('14F.666-025', 'B3'),
    ('14F.666-025', 'B4'),
    ('14F.666-025', 'B5'),
    ('14F.666-025', 'B6'),
    ('14F.666-025', 'B7'),
    ('14F.666-025', 'B8'),
    ('14F.666-025', 'B9'),
    ('14F.666-025', 'B10'),
    ('14F.666-025', 'B11'),
    ('14F.666-025', 'B12'),
    ('14F.666-025', 'B13'),
    ('14F.666-025', 'B14'),
    ('14F.666-025', 'B15'),
    ('14F.666-025', 'B16'),
    ('14F.666-025', 'B17'),
    ('14F.666-025', 'B18'),
    ('14F.666-043', 'A1'),
    ('14F.666-043', 'A2'),
    ('14F.666-043', 'A3'),
    ('14F.666-043', 'A4'),
    ('14F.666-043', 'A5'),
    ('14F.666-043', 'A6'),
    ('14F.666-043', 'A7'),
    ('14F.666-043', 'A8'),
    ('14F.666-043', 'A9'),
    ('14F.666-043', 'A10'),
    ('14F.666-043', 'A11'),
    ('14F.666-043', 'A12'),
    ('14F.666-043', 'A13'),
    ('14F.666-043', 'A14'),
    ('14F.666-043', 'A15'),
    ('14F.666-043', 'A16'),
    ('14F.666-043', 'A17'),
    ('14F.666-043', 'A18'),
    ('14F.666-043', 'B1'),
    ('14F.666-043', 'B2'),
    ('14F.666-043', 'B3'),
    ('14F.666-043', 'B4'),
    ('14F.666-043', 'B5'),
    ('14F.666-043', 'B6'),
    ('14F.666-043', 'B7'),
    ('14F.666-043', 'B8'),
    ('14F.666-043', 'B9'),
    ('14F.666-043', 'B10'),
    ('14F.666-043', 'B11'),
    ('14F.666-043', 'B12'),
    ('14F.666-043', 'B13'),
    ('14F.666-043', 'B14'),
    ('14F.666-043', 'B15'),
    ('14F.666-043', 'B16'),
    ('14F.666-043', 'B17'),
    ('14F.666-043', 'B18'),
    ('14F.666-061', 'A1'),
    ('14F.666-061', 'A2'),
    ('14F.666-061', 'A3'),
    ('14F.666-061', 'A4'),
    ('14F.666-061', 'A5'),
    ('14F.666-061', 'A6'),
    ('14F.666-061', 'A7'),
    ('14F.666-061', 'A8'),
    ('14F.666-061', 'A9'),
    ('14F.666-061', 'A10'),
    ('14F.666-061', 'A11'),
    ('14F.666-061', 'A12'),
    ('14F.666-061', 'A13'),
    ('14F.666-061', 'A14'),
    ('14F.666-061', 'A15'),
    ('14F.666-061', 'A16'),
    ('14F.666-061', 'A17'),
    ('14F.666-061', 'A18'),
    ('14F.666-061', 'B1'),
    ('14F.666-061', 'B2'),
    ('14F.666-061', 'B3'),
    ('14F.666-061', 'B4'),
    ('14F.666-061', 'B5'),
    ('14F.666-061', 'B6'),
    ('14F.666-061', 'B7'),
    ('14F.666-061', 'B8'),
    ('14F.666-061', 'B9'),
    ('14F.666-061', 'B10'),
    ('14F.666-061', 'B11'),
    ('14F.666-061', 'B12'),
    ('14F.666-061', 'B13'),
    ('14F.666-061', 'B14'),
    ('14F.666-061', 'B15'),
    ('14F.666-061', 'B16'),
    ('14F.666-061', 'B17'),
    ('14F.666-061', 'B18'),
    ('14F.666-079', 'A1'),
    ('14F.666-079', 'A2'),
    ('14F.666-079', 'A3'),
    ('14F.666-079', 'A4'),
    ('14F.666-079', 'A5'),
    ('14F.666-079', 'A6'),
    ('14F.666-079', 'A7'),
    ('14F.666-079', 'A8'),
    ('14F.666-079', 'A9'),
    ('14F.666-079', 'A10'),
    ('14F.666-079', 'A11'),
    ('14F.666-079', 'A12'),
    ('14F.666-079', 'A13'),
    ('14F.666-079', 'A14'),
    ('14F.666-079', 'A15'),
    ('14F.666-079', 'A16'),
    ('14F.666-079', 'A17'),
    ('14F.666-079', 'A18'),
    ('14F.666-079', 'B1'),
    ('14F.666-079', 'B2'),
    ('14F.666-079', 'B3'),
    ('14F.666-079', 'B4'),
    ('14F.666-079', 'B5'),
    ('14F.666-079', 'B6'),
    ('14F.666-079', 'B7'),
    ('14F.666-079', 'B8'),
    ('14F.666-079', 'B9'),
    ('14F.666-079', 'B10'),
    ('14F.666-079', 'B11'),
    ('14F.666-079', 'B12'),
    ('14F.666-079', 'B13'),
    ('14F.666-079', 'B14'),
    ('14F.666-079', 'B15'),
    ('14F.666-079', 'B16'),
    ('14F.666-079', 'B17'),
    ('14F.666-079', 'B18'),
    ('29F.555-014', 'A1'),
    ('29F.555-014', 'A2'),
    ('29F.555-014', 'A3'),
    ('29F.555-014', 'A4'),
    ('29F.555-014', 'A5'),
    ('29F.555-014', 'A6'),
    ('29F.555-014', 'A7'),
    ('29F.555-014', 'A8'),
    ('29F.555-014', 'A9'),
    ('29F.555-014', 'A10'),
    ('29F.555-014', 'A11'),
    ('29F.555-014', 'A12'),
    ('29F.555-014', 'A13'),
    ('29F.555-014', 'A14'),
    ('29F.555-014', 'A15'),
    ('29F.555-014', 'A16'),
    ('29F.555-014', 'A17'),
    ('29F.555-014', 'A18'),
    ('29F.555-014', 'B1'),
    ('29F.555-014', 'B2'),
    ('29F.555-014', 'B3'),
    ('29F.555-014', 'B4'),
    ('29F.555-014', 'B5'),
    ('29F.555-014', 'B6'),
    ('29F.555-014', 'B7'),
    ('29F.555-014', 'B8'),
    ('29F.555-014', 'B9'),
    ('29F.555-014', 'B10'),
    ('29F.555-014', 'B11'),
    ('29F.555-014', 'B12'),
    ('29F.555-014', 'B13'),
    ('29F.555-014', 'B14'),
    ('29F.555-014', 'B15'),
    ('29F.555-014', 'B16'),
    ('29F.555-014', 'B17'),
    ('29F.555-014', 'B18'),
    ('29F.555-032', 'A1'),
    ('29F.555-032', 'A2'),
    ('29F.555-032', 'A3'),
    ('29F.555-032', 'A4'),
    ('29F.555-032', 'A5'),
    ('29F.555-032', 'A6'),
    ('29F.555-032', 'A7'),
    ('29F.555-032', 'A8'),
    ('29F.555-032', 'A9'),
    ('29F.555-032', 'A10'),
    ('29F.555-032', 'A11'),
    ('29F.555-032', 'A12'),
    ('29F.555-032', 'A13'),
    ('29F.555-032', 'A14'),
    ('29F.555-032', 'A15'),
    ('29F.555-032', 'A16'),
    ('29F.555-032', 'A17'),
    ('29F.555-032', 'A18'),
    ('29F.555-032', 'B1'),
    ('29F.555-032', 'B2'),
    ('29F.555-032', 'B3'),
    ('29F.555-032', 'B4'),
    ('29F.555-032', 'B5'),
    ('29F.555-032', 'B6'),
    ('29F.555-032', 'B7'),
    ('29F.555-032', 'B8'),
    ('29F.555-032', 'B9'),
    ('29F.555-032', 'B10'),
    ('29F.555-032', 'B11'),
    ('29F.555-032', 'B12'),
    ('29F.555-032', 'B13'),
    ('29F.555-032', 'B14'),
    ('29F.555-032', 'B15'),
    ('29F.555-032', 'B16'),
    ('29F.555-032', 'B17'),
    ('29F.555-032', 'B18'),
    ('29F.555-050', 'A1'),
    ('29F.555-050', 'A2'),
    ('29F.555-050', 'A3'),
    ('29F.555-050', 'A4'),
    ('29F.555-050', 'A5'),
    ('29F.555-050', 'A6'),
    ('29F.555-050', 'A7'),
    ('29F.555-050', 'A8'),
    ('29F.555-050', 'A9'),
    ('29F.555-050', 'A10'),
    ('29F.555-050', 'A11'),
    ('29F.555-050', 'A12'),
    ('29F.555-050', 'A13'),
    ('29F.555-050', 'A14'),
    ('29F.555-050', 'A15'),
    ('29F.555-050', 'A16'),
    ('29F.555-050', 'A17'),
    ('29F.555-050', 'A18'),
    ('29F.555-050', 'B1'),
    ('29F.555-050', 'B2'),
    ('29F.555-050', 'B3'),
    ('29F.555-050', 'B4'),
    ('29F.555-050', 'B5'),
    ('29F.555-050', 'B6'),
    ('29F.555-050', 'B7'),
    ('29F.555-050', 'B8'),
    ('29F.555-050', 'B9'),
    ('29F.555-050', 'B10'),
    ('29F.555-050', 'B11'),
    ('29F.555-050', 'B12'),
    ('29F.555-050', 'B13'),
    ('29F.555-050', 'B14'),
    ('29F.555-050', 'B15'),
    ('29F.555-050', 'B16'),
    ('29F.555-050', 'B17'),
    ('29F.555-050', 'B18'),
    ('29F.555-068', 'A1'),
    ('29F.555-068', 'A2'),
    ('29F.555-068', 'A3'),
    ('29F.555-068', 'A4'),
    ('29F.555-068', 'A5'),
    ('29F.555-068', 'A6'),
    ('29F.555-068', 'A7'),
    ('29F.555-068', 'A8'),
    ('29F.555-068', 'A9'),
    ('29F.555-068', 'A10'),
    ('29F.555-068', 'A11'),
    ('29F.555-068', 'A12'),
    ('29F.555-068', 'A13'),
    ('29F.555-068', 'A14'),
    ('29F.555-068', 'A15'),
    ('29F.555-068', 'A16'),
    ('29F.555-068', 'A17'),
    ('29F.555-068', 'A18'),
    ('29F.555-068', 'B1'),
    ('29F.555-068', 'B2'),
    ('29F.555-068', 'B3'),
    ('29F.555-068', 'B4'),
    ('29F.555-068', 'B5'),
    ('29F.555-068', 'B6'),
    ('29F.555-068', 'B7'),
    ('29F.555-068', 'B8'),
    ('29F.555-068', 'B9'),
    ('29F.555-068', 'B10'),
    ('29F.555-068', 'B11'),
    ('29F.555-068', 'B12'),
    ('29F.555-068', 'B13'),
    ('29F.555-068', 'B14'),
    ('29F.555-068', 'B15'),
    ('29F.555-068', 'B16'),
    ('29F.555-068', 'B17'),
    ('29F.555-068', 'B18'),
    ('29F.666-023', 'A1'),
    ('29F.666-023', 'A2'),
    ('29F.666-023', 'A3'),
    ('29F.666-023', 'A4'),
    ('29F.666-023', 'A5'),
    ('29F.666-023', 'A6'),
    ('29F.666-023', 'A7'),
    ('29F.666-023', 'A8'),
    ('29F.666-023', 'A9'),
    ('29F.666-023', 'A10'),
    ('29F.666-023', 'A11'),
    ('29F.666-023', 'A12'),
    ('29F.666-023', 'A13'),
    ('29F.666-023', 'A14'),
    ('29F.666-023', 'A15'),
    ('29F.666-023', 'A16'),
    ('29F.666-023', 'A17'),
    ('29F.666-023', 'A18'),
    ('29F.666-023', 'B1'),
    ('29F.666-023', 'B2'),
    ('29F.666-023', 'B3'),
    ('29F.666-023', 'B4'),
    ('29F.666-023', 'B5'),
    ('29F.666-023', 'B6'),
    ('29F.666-023', 'B7'),
    ('29F.666-023', 'B8'),
    ('29F.666-023', 'B9'),
    ('29F.666-023', 'B10'),
    ('29F.666-023', 'B11'),
    ('29F.666-023', 'B12'),
    ('29F.666-023', 'B13'),
    ('29F.666-023', 'B14'),
    ('29F.666-023', 'B15'),
    ('29F.666-023', 'B16'),
    ('29F.666-023', 'B17'),
    ('29F.666-023', 'B18'),
    ('29F.666-041', 'A1'),
    ('29F.666-041', 'A2'),
    ('29F.666-041', 'A3'),
    ('29F.666-041', 'A4'),
    ('29F.666-041', 'A5'),
    ('29F.666-041', 'A6'),
    ('29F.666-041', 'A7'),
    ('29F.666-041', 'A8'),
    ('29F.666-041', 'A9'),
    ('29F.666-041', 'A10'),
    ('29F.666-041', 'A11'),
    ('29F.666-041', 'A12'),
    ('29F.666-041', 'A13'),
    ('29F.666-041', 'A14'),
    ('29F.666-041', 'A15'),
    ('29F.666-041', 'A16'),
    ('29F.666-041', 'A17'),
    ('29F.666-041', 'A18'),
    ('29F.666-041', 'B1'),
    ('29F.666-041', 'B2'),
    ('29F.666-041', 'B3'),
    ('29F.666-041', 'B4'),
    ('29F.666-041', 'B5'),
    ('29F.666-041', 'B6'),
    ('29F.666-041', 'B7'),
    ('29F.666-041', 'B8'),
    ('29F.666-041', 'B9'),
    ('29F.666-041', 'B10'),
    ('29F.666-041', 'B11'),
    ('29F.666-041', 'B12'),
    ('29F.666-041', 'B13'),
    ('29F.666-041', 'B14'),
    ('29F.666-041', 'B15'),
    ('29F.666-041', 'B16'),
    ('29F.666-041', 'B17'),
    ('29F.666-041', 'B18'),
    ('29F.666-059', 'A1'),
    ('29F.666-059', 'A2'),
    ('29F.666-059', 'A3'),
    ('29F.666-059', 'A4'),
    ('29F.666-059', 'A5'),
    ('29F.666-059', 'A6'),
    ('29F.666-059', 'A7'),
    ('29F.666-059', 'A8'),
    ('29F.666-059', 'A9'),
    ('29F.666-059', 'A10'),
    ('29F.666-059', 'A11'),
    ('29F.666-059', 'A12'),
    ('29F.666-059', 'A13'),
    ('29F.666-059', 'A14'),
    ('29F.666-059', 'A15'),
    ('29F.666-059', 'A16'),
    ('29F.666-059', 'A17'),
    ('29F.666-059', 'A18'),
    ('29F.666-059', 'B1'),
    ('29F.666-059', 'B2'),
    ('29F.666-059', 'B3'),
    ('29F.666-059', 'B4'),
    ('29F.666-059', 'B5'),
    ('29F.666-059', 'B6'),
    ('29F.666-059', 'B7'),
    ('29F.666-059', 'B8'),
    ('29F.666-059', 'B9'),
    ('29F.666-059', 'B10'),
    ('29F.666-059', 'B11'),
    ('29F.666-059', 'B12'),
    ('29F.666-059', 'B13'),
    ('29F.666-059', 'B14'),
    ('29F.666-059', 'B15'),
    ('29F.666-059', 'B16'),
    ('29F.666-059', 'B17'),
    ('29F.666-059', 'B18'),
    ('29F.666-077', 'A1'),
    ('29F.666-077', 'A2'),
    ('29F.666-077', 'A3'),
    ('29F.666-077', 'A4'),
    ('29F.666-077', 'A5'),
    ('29F.666-077', 'A6'),
    ('29F.666-077', 'A7'),
    ('29F.666-077', 'A8'),
    ('29F.666-077', 'A9'),
    ('29F.666-077', 'A10'),
    ('29F.666-077', 'A11'),
    ('29F.666-077', 'A12'),
    ('29F.666-077', 'A13'),
    ('29F.666-077', 'A14'),
    ('29F.666-077', 'A15'),
    ('29F.666-077', 'A16'),
    ('29F.666-077', 'A17'),
    ('29F.666-077', 'A18'),
    ('29F.666-077', 'B1'),
    ('29F.666-077', 'B2'),
    ('29F.666-077', 'B3'),
    ('29F.666-077', 'B4'),
    ('29F.666-077', 'B5'),
    ('29F.666-077', 'B6'),
    ('29F.666-077', 'B7'),
    ('29F.666-077', 'B8'),
    ('29F.666-077', 'B9'),
    ('29F.666-077', 'B10'),
    ('29F.666-077', 'B11'),
    ('29F.666-077', 'B12'),
    ('29F.666-077', 'B13'),
    ('29F.666-077', 'B14'),
    ('29F.666-077', 'B15'),
    ('29F.666-077', 'B16'),
    ('29F.666-077', 'B17'),
    ('29F.666-077', 'B18'),
    ('36F.555-018', 'A1'),
    ('36F.555-018', 'A2'),
    ('36F.555-018', 'A3'),
    ('36F.555-018', 'A4'),
    ('36F.555-018', 'A5'),
    ('36F.555-018', 'A6'),
    ('36F.555-018', 'A7'),
    ('36F.555-018', 'A8'),
    ('36F.555-018', 'A9'),
    ('36F.555-018', 'A10'),
    ('36F.555-018', 'A11'),
    ('36F.555-018', 'A12'),
    ('36F.555-018', 'A13'),
    ('36F.555-018', 'A14'),
    ('36F.555-018', 'A15'),
    ('36F.555-018', 'A16'),
    ('36F.555-018', 'A17'),
    ('36F.555-018', 'A18'),
    ('36F.555-018', 'B1'),
    ('36F.555-018', 'B2'),
    ('36F.555-018', 'B3'),
    ('36F.555-018', 'B4'),
    ('36F.555-018', 'B5'),
    ('36F.555-018', 'B6'),
    ('36F.555-018', 'B7'),
    ('36F.555-018', 'B8'),
    ('36F.555-018', 'B9'),
    ('36F.555-018', 'B10'),
    ('36F.555-018', 'B11'),
    ('36F.555-018', 'B12'),
    ('36F.555-018', 'B13'),
    ('36F.555-018', 'B14'),
    ('36F.555-018', 'B15'),
    ('36F.555-018', 'B16'),
    ('36F.555-018', 'B17'),
    ('36F.555-018', 'B18'),
    ('36F.555-036', 'A1'),
    ('36F.555-036', 'A2'),
    ('36F.555-036', 'A3'),
    ('36F.555-036', 'A4'),
    ('36F.555-036', 'A5'),
    ('36F.555-036', 'A6'),
    ('36F.555-036', 'A7'),
    ('36F.555-036', 'A8'),
    ('36F.555-036', 'A9'),
    ('36F.555-036', 'A10'),
    ('36F.555-036', 'A11'),
    ('36F.555-036', 'A12'),
    ('36F.555-036', 'A13'),
    ('36F.555-036', 'A14'),
    ('36F.555-036', 'A15'),
    ('36F.555-036', 'A16'),
    ('36F.555-036', 'A17'),
    ('36F.555-036', 'A18'),
    ('36F.555-036', 'B1'),
    ('36F.555-036', 'B2'),
    ('36F.555-036', 'B3'),
    ('36F.555-036', 'B4'),
    ('36F.555-036', 'B5'),
    ('36F.555-036', 'B6'),
    ('36F.555-036', 'B7'),
    ('36F.555-036', 'B8'),
    ('36F.555-036', 'B9'),
    ('36F.555-036', 'B10'),
    ('36F.555-036', 'B11'),
    ('36F.555-036', 'B12'),
    ('36F.555-036', 'B13'),
    ('36F.555-036', 'B14'),
    ('36F.555-036', 'B15'),
    ('36F.555-036', 'B16'),
    ('36F.555-036', 'B17'),
    ('36F.555-036', 'B18'),
    ('36F.555-054', 'A1'),
    ('36F.555-054', 'A2'),
    ('36F.555-054', 'A3'),
    ('36F.555-054', 'A4'),
    ('36F.555-054', 'A5'),
    ('36F.555-054', 'A6'),
    ('36F.555-054', 'A7'),
    ('36F.555-054', 'A8'),
    ('36F.555-054', 'A9'),
    ('36F.555-054', 'A10'),
    ('36F.555-054', 'A11'),
    ('36F.555-054', 'A12'),
    ('36F.555-054', 'A13'),
    ('36F.555-054', 'A14'),
    ('36F.555-054', 'A15'),
    ('36F.555-054', 'A16'),
    ('36F.555-054', 'A17'),
    ('36F.555-054', 'A18'),
    ('36F.555-054', 'B1'),
    ('36F.555-054', 'B2'),
    ('36F.555-054', 'B3'),
    ('36F.555-054', 'B4'),
    ('36F.555-054', 'B5'),
    ('36F.555-054', 'B6'),
    ('36F.555-054', 'B7'),
    ('36F.555-054', 'B8'),
    ('36F.555-054', 'B9'),
    ('36F.555-054', 'B10'),
    ('36F.555-054', 'B11'),
    ('36F.555-054', 'B12'),
    ('36F.555-054', 'B13'),
    ('36F.555-054', 'B14'),
    ('36F.555-054', 'B15'),
    ('36F.555-054', 'B16'),
    ('36F.555-054', 'B17'),
    ('36F.555-054', 'B18'),
    ('36F.555-072', 'A1'),
    ('36F.555-072', 'A2'),
    ('36F.555-072', 'A3'),
    ('36F.555-072', 'A4'),
    ('36F.555-072', 'A5'),
    ('36F.555-072', 'A6'),
    ('36F.555-072', 'A7'),
    ('36F.555-072', 'A8'),
    ('36F.555-072', 'A9'),
    ('36F.555-072', 'A10'),
    ('36F.555-072', 'A11'),
    ('36F.555-072', 'A12'),
    ('36F.555-072', 'A13'),
    ('36F.555-072', 'A14'),
    ('36F.555-072', 'A15'),
    ('36F.555-072', 'A16'),
    ('36F.555-072', 'A17'),
    ('36F.555-072', 'A18'),
    ('36F.555-072', 'B1'),
    ('36F.555-072', 'B2'),
    ('36F.555-072', 'B3'),
    ('36F.555-072', 'B4'),
    ('36F.555-072', 'B5'),
    ('36F.555-072', 'B6'),
    ('36F.555-072', 'B7'),
    ('36F.555-072', 'B8'),
    ('36F.555-072', 'B9'),
    ('36F.555-072', 'B10'),
    ('36F.555-072', 'B11'),
    ('36F.555-072', 'B12'),
    ('36F.555-072', 'B13'),
    ('36F.555-072', 'B14'),
    ('36F.555-072', 'B15'),
    ('36F.555-072', 'B16'),
    ('36F.555-072', 'B17'),
    ('36F.555-072', 'B18'),
    ('36F.666-027', 'A1'),
    ('36F.666-027', 'A2'),
    ('36F.666-027', 'A3'),
    ('36F.666-027', 'A4'),
    ('36F.666-027', 'A5'),
    ('36F.666-027', 'A6'),
    ('36F.666-027', 'A7'),
    ('36F.666-027', 'A8'),
    ('36F.666-027', 'A9'),
    ('36F.666-027', 'A10'),
    ('36F.666-027', 'A11'),
    ('36F.666-027', 'A12'),
    ('36F.666-027', 'A13'),
    ('36F.666-027', 'A14'),
    ('36F.666-027', 'A15'),
    ('36F.666-027', 'A16'),
    ('36F.666-027', 'A17'),
    ('36F.666-027', 'A18'),
    ('36F.666-027', 'B1'),
    ('36F.666-027', 'B2'),
    ('36F.666-027', 'B3'),
    ('36F.666-027', 'B4'),
    ('36F.666-027', 'B5'),
    ('36F.666-027', 'B6'),
    ('36F.666-027', 'B7'),
    ('36F.666-027', 'B8'),
    ('36F.666-027', 'B9'),
    ('36F.666-027', 'B10'),
    ('36F.666-027', 'B11'),
    ('36F.666-027', 'B12'),
    ('36F.666-027', 'B13'),
    ('36F.666-027', 'B14'),
    ('36F.666-027', 'B15'),
    ('36F.666-027', 'B16'),
    ('36F.666-027', 'B17'),
    ('36F.666-027', 'B18'),
    ('36F.666-045', 'A1'),
    ('36F.666-045', 'A2'),
    ('36F.666-045', 'A3'),
    ('36F.666-045', 'A4'),
    ('36F.666-045', 'A5'),
    ('36F.666-045', 'A6'),
    ('36F.666-045', 'A7'),
    ('36F.666-045', 'A8'),
    ('36F.666-045', 'A9'),
    ('36F.666-045', 'A10'),
    ('36F.666-045', 'A11'),
    ('36F.666-045', 'A12'),
    ('36F.666-045', 'A13'),
    ('36F.666-045', 'A14'),
    ('36F.666-045', 'A15'),
    ('36F.666-045', 'A16'),
    ('36F.666-045', 'A17'),
    ('36F.666-045', 'A18'),
    ('36F.666-045', 'B1'),
    ('36F.666-045', 'B2'),
    ('36F.666-045', 'B3'),
    ('36F.666-045', 'B4'),
    ('36F.666-045', 'B5'),
    ('36F.666-045', 'B6'),
    ('36F.666-045', 'B7'),
    ('36F.666-045', 'B8'),
    ('36F.666-045', 'B9'),
    ('36F.666-045', 'B10'),
    ('36F.666-045', 'B11'),
    ('36F.666-045', 'B12'),
    ('36F.666-045', 'B13'),
    ('36F.666-045', 'B14'),
    ('36F.666-045', 'B15'),
    ('36F.666-045', 'B16'),
    ('36F.666-045', 'B17'),
    ('36F.666-045', 'B18'),
    ('36F.666-063', 'A1'),
    ('36F.666-063', 'A2'),
    ('36F.666-063', 'A3'),
    ('36F.666-063', 'A4'),
    ('36F.666-063', 'A5'),
    ('36F.666-063', 'A6'),
    ('36F.666-063', 'A7'),
    ('36F.666-063', 'A8'),
    ('36F.666-063', 'A9'),
    ('36F.666-063', 'A10'),
    ('36F.666-063', 'A11'),
    ('36F.666-063', 'A12'),
    ('36F.666-063', 'A13'),
    ('36F.666-063', 'A14'),
    ('36F.666-063', 'A15'),
    ('36F.666-063', 'A16'),
    ('36F.666-063', 'A17'),
    ('36F.666-063', 'A18'),
    ('36F.666-063', 'B1'),
    ('36F.666-063', 'B2'),
    ('36F.666-063', 'B3'),
    ('36F.666-063', 'B4'),
    ('36F.666-063', 'B5'),
    ('36F.666-063', 'B6'),
    ('36F.666-063', 'B7'),
    ('36F.666-063', 'B8'),
    ('36F.666-063', 'B9'),
    ('36F.666-063', 'B10'),
    ('36F.666-063', 'B11'),
    ('36F.666-063', 'B12'),
    ('36F.666-063', 'B13'),
    ('36F.666-063', 'B14'),
    ('36F.666-063', 'B15'),
    ('36F.666-063', 'B16'),
    ('36F.666-063', 'B17'),
    ('36F.666-063', 'B18'),
    ('43F.666-003', 'A1'),
    ('43F.666-003', 'A2'),
    ('43F.666-003', 'A3'),
    ('43F.666-003', 'A4'),
    ('43F.666-003', 'A5'),
    ('43F.666-003', 'A6'),
    ('43F.666-003', 'A7'),
    ('43F.666-003', 'A8'),
    ('43F.666-003', 'A9'),
    ('43F.666-003', 'A10'),
    ('43F.666-003', 'A11'),
    ('43F.666-003', 'A12'),
    ('43F.666-003', 'A13'),
    ('43F.666-003', 'A14'),
    ('43F.666-003', 'A15'),
    ('43F.666-003', 'A16'),
    ('43F.666-003', 'A17'),
    ('43F.666-003', 'A18'),
    ('43F.666-003', 'B1'),
    ('43F.666-003', 'B2'),
    ('43F.666-003', 'B3'),
    ('43F.666-003', 'B4'),
    ('43F.666-003', 'B5'),
    ('43F.666-003', 'B6'),
    ('43F.666-003', 'B7'),
    ('43F.666-003', 'B8'),
    ('43F.666-003', 'B9'),
    ('43F.666-003', 'B10'),
    ('43F.666-003', 'B11'),
    ('43F.666-003', 'B12'),
    ('43F.666-003', 'B13'),
    ('43F.666-003', 'B14'),
    ('43F.666-003', 'B15'),
    ('43F.666-003', 'B16'),
    ('43F.666-003', 'B17'),
    ('43F.666-003', 'B18'),
    ('51F.555-020', 'A1'),
    ('51F.555-020', 'A2'),
    ('51F.555-020', 'A3'),
    ('51F.555-020', 'A4'),
    ('51F.555-020', 'A5'),
    ('51F.555-020', 'A6'),
    ('51F.555-020', 'A7'),
    ('51F.555-020', 'A8'),
    ('51F.555-020', 'A9'),
    ('51F.555-020', 'A10'),
    ('51F.555-020', 'A11'),
    ('51F.555-020', 'A12'),
    ('51F.555-020', 'A13'),
    ('51F.555-020', 'A14'),
    ('51F.555-020', 'A15'),
    ('51F.555-020', 'A16'),
    ('51F.555-020', 'A17'),
    ('51F.555-020', 'A18'),
    ('51F.555-020', 'B1'),
    ('51F.555-020', 'B2'),
    ('51F.555-020', 'B3'),
    ('51F.555-020', 'B4'),
    ('51F.555-020', 'B5'),
    ('51F.555-020', 'B6'),
    ('51F.555-020', 'B7'),
    ('51F.555-020', 'B8'),
    ('51F.555-020', 'B9'),
    ('51F.555-020', 'B10'),
    ('51F.555-020', 'B11'),
    ('51F.555-020', 'B12'),
    ('51F.555-020', 'B13'),
    ('51F.555-020', 'B14'),
    ('51F.555-020', 'B15'),
    ('51F.555-020', 'B16'),
    ('51F.555-020', 'B17'),
    ('51F.555-020', 'B18'),
    ('51F.555-038', 'A1'),
    ('51F.555-038', 'A2'),
    ('51F.555-038', 'A3'),
    ('51F.555-038', 'A4'),
    ('51F.555-038', 'A5'),
    ('51F.555-038', 'A6'),
    ('51F.555-038', 'A7'),
    ('51F.555-038', 'A8'),
    ('51F.555-038', 'A9'),
    ('51F.555-038', 'A10'),
    ('51F.555-038', 'A11'),
    ('51F.555-038', 'A12'),
    ('51F.555-038', 'A13'),
    ('51F.555-038', 'A14'),
    ('51F.555-038', 'A15'),
    ('51F.555-038', 'A16'),
    ('51F.555-038', 'A17'),
    ('51F.555-038', 'A18'),
    ('51F.555-038', 'B1'),
    ('51F.555-038', 'B2'),
    ('51F.555-038', 'B3'),
    ('51F.555-038', 'B4'),
    ('51F.555-038', 'B5'),
    ('51F.555-038', 'B6'),
    ('51F.555-038', 'B7'),
    ('51F.555-038', 'B8'),
    ('51F.555-038', 'B9'),
    ('51F.555-038', 'B10'),
    ('51F.555-038', 'B11'),
    ('51F.555-038', 'B12'),
    ('51F.555-038', 'B13'),
    ('51F.555-038', 'B14'),
    ('51F.555-038', 'B15'),
    ('51F.555-038', 'B16'),
    ('51F.555-038', 'B17'),
    ('51F.555-038', 'B18'),
    ('51F.555-056', 'A1'),
    ('51F.555-056', 'A2'),
    ('51F.555-056', 'A3'),
    ('51F.555-056', 'A4'),
    ('51F.555-056', 'A5'),
    ('51F.555-056', 'A6'),
    ('51F.555-056', 'A7'),
    ('51F.555-056', 'A8'),
    ('51F.555-056', 'A9'),
    ('51F.555-056', 'A10'),
    ('51F.555-056', 'A11'),
    ('51F.555-056', 'A12'),
    ('51F.555-056', 'A13'),
    ('51F.555-056', 'A14'),
    ('51F.555-056', 'A15'),
    ('51F.555-056', 'A16'),
    ('51F.555-056', 'A17'),
    ('51F.555-056', 'A18'),
    ('51F.555-056', 'B1'),
    ('51F.555-056', 'B2'),
    ('51F.555-056', 'B3'),
    ('51F.555-056', 'B4'),
    ('51F.555-056', 'B5'),
    ('51F.555-056', 'B6'),
    ('51F.555-056', 'B7'),
    ('51F.555-056', 'B8'),
    ('51F.555-056', 'B9'),
    ('51F.555-056', 'B10'),
    ('51F.555-056', 'B11'),
    ('51F.555-056', 'B12'),
    ('51F.555-056', 'B13'),
    ('51F.555-056', 'B14'),
    ('51F.555-056', 'B15'),
    ('51F.555-056', 'B16'),
    ('51F.555-056', 'B17'),
    ('51F.555-056', 'B18'),
    ('51F.555-074', 'A1'),
    ('51F.555-074', 'A2'),
    ('51F.555-074', 'A3'),
    ('51F.555-074', 'A4'),
    ('51F.555-074', 'A5'),
    ('51F.555-074', 'A6'),
    ('51F.555-074', 'A7'),
    ('51F.555-074', 'A8'),
    ('51F.555-074', 'A9'),
    ('51F.555-074', 'A10'),
    ('51F.555-074', 'A11'),
    ('51F.555-074', 'A12'),
    ('51F.555-074', 'A13'),
    ('51F.555-074', 'A14'),
    ('51F.555-074', 'A15'),
    ('51F.555-074', 'A16'),
    ('51F.555-074', 'A17'),
    ('51F.555-074', 'A18'),
    ('51F.555-074', 'B1'),
    ('51F.555-074', 'B2'),
    ('51F.555-074', 'B3'),
    ('51F.555-074', 'B4'),
    ('51F.555-074', 'B5'),
    ('51F.555-074', 'B6'),
    ('51F.555-074', 'B7'),
    ('51F.555-074', 'B8'),
    ('51F.555-074', 'B9'),
    ('51F.555-074', 'B10'),
    ('51F.555-074', 'B11'),
    ('51F.555-074', 'B12'),
    ('51F.555-074', 'B13'),
    ('51F.555-074', 'B14'),
    ('51F.555-074', 'B15'),
    ('51F.555-074', 'B16'),
    ('51F.555-074', 'B17'),
    ('51F.555-074', 'B18'),
    ('51F.666-001', 'A1'),
    ('51F.666-001', 'A2'),
    ('51F.666-001', 'A3'),
    ('51F.666-001', 'A4'),
    ('51F.666-001', 'A5'),
    ('51F.666-001', 'A6'),
    ('51F.666-001', 'A7'),
    ('51F.666-001', 'A8'),
    ('51F.666-001', 'A9'),
    ('51F.666-001', 'A10'),
    ('51F.666-001', 'A11'),
    ('51F.666-001', 'A12'),
    ('51F.666-001', 'A13'),
    ('51F.666-001', 'A14'),
    ('51F.666-001', 'A15'),
    ('51F.666-001', 'A16'),
    ('51F.666-001', 'A17'),
    ('51F.666-001', 'A18'),
    ('51F.666-001', 'B1'),
    ('51F.666-001', 'B2'),
    ('51F.666-001', 'B3'),
    ('51F.666-001', 'B4'),
    ('51F.666-001', 'B5'),
    ('51F.666-001', 'B6'),
    ('51F.666-001', 'B7'),
    ('51F.666-001', 'B8'),
    ('51F.666-001', 'B9'),
    ('51F.666-001', 'B10'),
    ('51F.666-001', 'B11'),
    ('51F.666-001', 'B12'),
    ('51F.666-001', 'B13'),
    ('51F.666-001', 'B14'),
    ('51F.666-001', 'B15'),
    ('51F.666-001', 'B16'),
    ('51F.666-001', 'B17'),
    ('51F.666-001', 'B18'),
    ('51F.666-005', 'A1'),
    ('51F.666-005', 'A2'),
    ('51F.666-005', 'A3'),
    ('51F.666-005', 'A4'),
    ('51F.666-005', 'A5'),
    ('51F.666-005', 'A6'),
    ('51F.666-005', 'A7'),
    ('51F.666-005', 'A8'),
    ('51F.666-005', 'A9'),
    ('51F.666-005', 'A10'),
    ('51F.666-005', 'A11'),
    ('51F.666-005', 'A12'),
    ('51F.666-005', 'A13'),
    ('51F.666-005', 'A14'),
    ('51F.666-005', 'A15'),
    ('51F.666-005', 'A16'),
    ('51F.666-005', 'A17'),
    ('51F.666-005', 'A18'),
    ('51F.666-005', 'B1'),
    ('51F.666-005', 'B2'),
    ('51F.666-005', 'B3'),
    ('51F.666-005', 'B4'),
    ('51F.666-005', 'B5'),
    ('51F.666-005', 'B6'),
    ('51F.666-005', 'B7'),
    ('51F.666-005', 'B8'),
    ('51F.666-005', 'B9'),
    ('51F.666-005', 'B10'),
    ('51F.666-005', 'B11'),
    ('51F.666-005', 'B12'),
    ('51F.666-005', 'B13'),
    ('51F.666-005', 'B14'),
    ('51F.666-005', 'B15'),
    ('51F.666-005', 'B16'),
    ('51F.666-005', 'B17'),
    ('51F.666-005', 'B18'),
    ('60F.555-010', 'A1'),
    ('60F.555-010', 'A2'),
    ('60F.555-010', 'A3'),
    ('60F.555-010', 'A4'),
    ('60F.555-010', 'A5'),
    ('60F.555-010', 'A6'),
    ('60F.555-010', 'A7'),
    ('60F.555-010', 'A8'),
    ('60F.555-010', 'A9'),
    ('60F.555-010', 'A10'),
    ('60F.555-010', 'A11'),
    ('60F.555-010', 'A12'),
    ('60F.555-010', 'A13'),
    ('60F.555-010', 'A14'),
    ('60F.555-010', 'A15'),
    ('60F.555-010', 'A16'),
    ('60F.555-010', 'A17'),
    ('60F.555-010', 'A18'),
    ('60F.555-010', 'B1'),
    ('60F.555-010', 'B2'),
    ('60F.555-010', 'B3'),
    ('60F.555-010', 'B4'),
    ('60F.555-010', 'B5'),
    ('60F.555-010', 'B6'),
    ('60F.555-010', 'B7'),
    ('60F.555-010', 'B8'),
    ('60F.555-010', 'B9'),
    ('60F.555-010', 'B10'),
    ('60F.555-010', 'B11'),
    ('60F.555-010', 'B12'),
    ('60F.555-010', 'B13'),
    ('60F.555-010', 'B14'),
    ('60F.555-010', 'B15'),
    ('60F.555-010', 'B16'),
    ('60F.555-010', 'B17'),
    ('60F.555-010', 'B18'),
    ('92F.555-012', 'A1'),
    ('92F.555-012', 'A2'),
    ('92F.555-012', 'A3'),
    ('92F.555-012', 'A4'),
    ('92F.555-012', 'A5'),
    ('92F.555-012', 'A6'),
    ('92F.555-012', 'A7'),
    ('92F.555-012', 'A8'),
    ('92F.555-012', 'A9'),
    ('92F.555-012', 'A10'),
    ('92F.555-012', 'A11'),
    ('92F.555-012', 'A12'),
    ('92F.555-012', 'A13'),
    ('92F.555-012', 'A14'),
    ('92F.555-012', 'A15'),
    ('92F.555-012', 'A16'),
    ('92F.555-012', 'A17'),
    ('92F.555-012', 'A18'),
    ('92F.555-012', 'B1'),
    ('92F.555-012', 'B2'),
    ('92F.555-012', 'B3'),
    ('92F.555-012', 'B4'),
    ('92F.555-012', 'B5'),
    ('92F.555-012', 'B6'),
    ('92F.555-012', 'B7'),
    ('92F.555-012', 'B8'),
    ('92F.555-012', 'B9'),
    ('92F.555-012', 'B10'),
    ('92F.555-012', 'B11'),
    ('92F.555-012', 'B12'),
    ('92F.555-012', 'B13'),
    ('92F.555-012', 'B14'),
    ('92F.555-012', 'B15'),
    ('92F.555-012', 'B16'),
    ('92F.555-012', 'B17'),
    ('92F.555-012', 'B18'),
    ('92F.555-030', 'A1'),
    ('92F.555-030', 'A2'),
    ('92F.555-030', 'A3'),
    ('92F.555-030', 'A4'),
    ('92F.555-030', 'A5'),
    ('92F.555-030', 'A6'),
    ('92F.555-030', 'A7'),
    ('92F.555-030', 'A8'),
    ('92F.555-030', 'A9'),
    ('92F.555-030', 'A10'),
    ('92F.555-030', 'A11'),
    ('92F.555-030', 'A12'),
    ('92F.555-030', 'A13'),
    ('92F.555-030', 'A14'),
    ('92F.555-030', 'A15'),
    ('92F.555-030', 'A16'),
    ('92F.555-030', 'A17'),
    ('92F.555-030', 'A18'),
    ('92F.555-030', 'B1'),
    ('92F.555-030', 'B2'),
    ('92F.555-030', 'B3'),
    ('92F.555-030', 'B4'),
    ('92F.555-030', 'B5'),
    ('92F.555-030', 'B6'),
    ('92F.555-030', 'B7'),
    ('92F.555-030', 'B8'),
    ('92F.555-030', 'B9'),
    ('92F.555-030', 'B10'),
    ('92F.555-030', 'B11'),
    ('92F.555-030', 'B12'),
    ('92F.555-030', 'B13'),
    ('92F.555-030', 'B14'),
    ('92F.555-030', 'B15'),
    ('92F.555-030', 'B16'),
    ('92F.555-030', 'B17'),
    ('92F.555-030', 'B18'),
    ('92F.555-048', 'A1'),
    ('92F.555-048', 'A2'),
    ('92F.555-048', 'A3'),
    ('92F.555-048', 'A4'),
    ('92F.555-048', 'A5'),
    ('92F.555-048', 'A6'),
    ('92F.555-048', 'A7'),
    ('92F.555-048', 'A8'),
    ('92F.555-048', 'A9'),
    ('92F.555-048', 'A10'),
    ('92F.555-048', 'A11'),
    ('92F.555-048', 'A12'),
    ('92F.555-048', 'A13'),
    ('92F.555-048', 'A14'),
    ('92F.555-048', 'A15'),
    ('92F.555-048', 'A16'),
    ('92F.555-048', 'A17'),
    ('92F.555-048', 'A18'),
    ('92F.555-048', 'B1'),
    ('92F.555-048', 'B2'),
    ('92F.555-048', 'B3'),
    ('92F.555-048', 'B4'),
    ('92F.555-048', 'B5'),
    ('92F.555-048', 'B6'),
    ('92F.555-048', 'B7'),
    ('92F.555-048', 'B8'),
    ('92F.555-048', 'B9'),
    ('92F.555-048', 'B10'),
    ('92F.555-048', 'B11'),
    ('92F.555-048', 'B12'),
    ('92F.555-048', 'B13'),
    ('92F.555-048', 'B14'),
    ('92F.555-048', 'B15'),
    ('92F.555-048', 'B16'),
    ('92F.555-048', 'B17'),
    ('92F.555-048', 'B18'),
    ('92F.555-066', 'A1'),
    ('92F.555-066', 'A2'),
    ('92F.555-066', 'A3'),
    ('92F.555-066', 'A4'),
    ('92F.555-066', 'A5'),
    ('92F.555-066', 'A6'),
    ('92F.555-066', 'A7'),
    ('92F.555-066', 'A8'),
    ('92F.555-066', 'A9'),
    ('92F.555-066', 'A10'),
    ('92F.555-066', 'A11'),
    ('92F.555-066', 'A12'),
    ('92F.555-066', 'A13'),
    ('92F.555-066', 'A14'),
    ('92F.555-066', 'A15'),
    ('92F.555-066', 'A16'),
    ('92F.555-066', 'A17'),
    ('92F.555-066', 'A18'),
    ('92F.555-066', 'B1'),
    ('92F.555-066', 'B2'),
    ('92F.555-066', 'B3'),
    ('92F.555-066', 'B4'),
    ('92F.555-066', 'B5'),
    ('92F.555-066', 'B6'),
    ('92F.555-066', 'B7'),
    ('92F.555-066', 'B8'),
    ('92F.555-066', 'B9'),
    ('92F.555-066', 'B10'),
    ('92F.555-066', 'B11'),
    ('92F.555-066', 'B12'),
    ('92F.555-066', 'B13'),
    ('92F.555-066', 'B14'),
    ('92F.555-066', 'B15'),
    ('92F.555-066', 'B16'),
    ('92F.555-066', 'B17'),
    ('92F.555-066', 'B18'),
    ('92F.666-021', 'A1'),
    ('92F.666-021', 'A2'),
    ('92F.666-021', 'A3'),
    ('92F.666-021', 'A4'),
    ('92F.666-021', 'A5'),
    ('92F.666-021', 'A6'),
    ('92F.666-021', 'A7'),
    ('92F.666-021', 'A8'),
    ('92F.666-021', 'A9'),
    ('92F.666-021', 'A10'),
    ('92F.666-021', 'A11'),
    ('92F.666-021', 'A12'),
    ('92F.666-021', 'A13'),
    ('92F.666-021', 'A14'),
    ('92F.666-021', 'A15'),
    ('92F.666-021', 'A16'),
    ('92F.666-021', 'A17'),
    ('92F.666-021', 'A18'),
    ('92F.666-021', 'B1'),
    ('92F.666-021', 'B2'),
    ('92F.666-021', 'B3'),
    ('92F.666-021', 'B4'),
    ('92F.666-021', 'B5'),
    ('92F.666-021', 'B6'),
    ('92F.666-021', 'B7'),
    ('92F.666-021', 'B8'),
    ('92F.666-021', 'B9'),
    ('92F.666-021', 'B10'),
    ('92F.666-021', 'B11'),
    ('92F.666-021', 'B12'),
    ('92F.666-021', 'B13'),
    ('92F.666-021', 'B14'),
    ('92F.666-021', 'B15'),
    ('92F.666-021', 'B16'),
    ('92F.666-021', 'B17'),
    ('92F.666-021', 'B18'),
    ('92F.666-039', 'A1'),
    ('92F.666-039', 'A2'),
    ('92F.666-039', 'A3'),
    ('92F.666-039', 'A4'),
    ('92F.666-039', 'A5'),
    ('92F.666-039', 'A6'),
    ('92F.666-039', 'A7'),
    ('92F.666-039', 'A8'),
    ('92F.666-039', 'A9'),
    ('92F.666-039', 'A10'),
    ('92F.666-039', 'A11'),
    ('92F.666-039', 'A12'),
    ('92F.666-039', 'A13'),
    ('92F.666-039', 'A14'),
    ('92F.666-039', 'A15'),
    ('92F.666-039', 'A16'),
    ('92F.666-039', 'A17'),
    ('92F.666-039', 'A18'),
    ('92F.666-039', 'B1'),
    ('92F.666-039', 'B2'),
    ('92F.666-039', 'B3'),
    ('92F.666-039', 'B4'),
    ('92F.666-039', 'B5'),
    ('92F.666-039', 'B6'),
    ('92F.666-039', 'B7'),
    ('92F.666-039', 'B8'),
    ('92F.666-039', 'B9'),
    ('92F.666-039', 'B10'),
    ('92F.666-039', 'B11'),
    ('92F.666-039', 'B12'),
    ('92F.666-039', 'B13'),
    ('92F.666-039', 'B14'),
    ('92F.666-039', 'B15'),
    ('92F.666-039', 'B16'),
    ('92F.666-039', 'B17'),
    ('92F.666-039', 'B18'),
    ('92F.666-057', 'A1'),
    ('92F.666-057', 'A2'),
    ('92F.666-057', 'A3'),
    ('92F.666-057', 'A4'),
    ('92F.666-057', 'A5'),
    ('92F.666-057', 'A6'),
    ('92F.666-057', 'A7'),
    ('92F.666-057', 'A8'),
    ('92F.666-057', 'A9'),
    ('92F.666-057', 'A10'),
    ('92F.666-057', 'A11'),
    ('92F.666-057', 'A12'),
    ('92F.666-057', 'A13'),
    ('92F.666-057', 'A14'),
    ('92F.666-057', 'A15'),
    ('92F.666-057', 'A16'),
    ('92F.666-057', 'A17'),
    ('92F.666-057', 'A18'),
    ('92F.666-057', 'B1'),
    ('92F.666-057', 'B2'),
    ('92F.666-057', 'B3'),
    ('92F.666-057', 'B4'),
    ('92F.666-057', 'B5'),
    ('92F.666-057', 'B6'),
    ('92F.666-057', 'B7'),
    ('92F.666-057', 'B8'),
    ('92F.666-057', 'B9'),
    ('92F.666-057', 'B10'),
    ('92F.666-057', 'B11'),
    ('92F.666-057', 'B12'),
    ('92F.666-057', 'B13'),
    ('92F.666-057', 'B14'),
    ('92F.666-057', 'B15'),
    ('92F.666-057', 'B16'),
    ('92F.666-057', 'B17'),
    ('92F.666-057', 'B18'),
    ('92F.666-075', 'A1'),
    ('92F.666-075', 'A2'),
    ('92F.666-075', 'A3'),
    ('92F.666-075', 'A4'),
    ('92F.666-075', 'A5'),
    ('92F.666-075', 'A6'),
    ('92F.666-075', 'A7'),
    ('92F.666-075', 'A8'),
    ('92F.666-075', 'A9'),
    ('92F.666-075', 'A10'),
    ('92F.666-075', 'A11'),
    ('92F.666-075', 'A12'),
    ('92F.666-075', 'A13'),
    ('92F.666-075', 'A14'),
    ('92F.666-075', 'A15'),
    ('92F.666-075', 'A16'),
    ('92F.666-075', 'A17'),
    ('92F.666-075', 'A18'),
    ('92F.666-075', 'B1'),
    ('92F.666-075', 'B2'),
    ('92F.666-075', 'B3'),
    ('92F.666-075', 'B4'),
    ('92F.666-075', 'B5'),
    ('92F.666-075', 'B6'),
    ('92F.666-075', 'B7'),
    ('92F.666-075', 'B8'),
    ('92F.666-075', 'B9'),
    ('92F.666-075', 'B10'),
    ('92F.666-075', 'B11'),
    ('92F.666-075', 'B12'),
    ('92F.666-075', 'B13'),
    ('92F.666-075', 'B14'),
    ('92F.666-075', 'B15'),
    ('92F.666-075', 'B16'),
    ('92F.666-075', 'B17'),
    ('92F.666-075', 'B18'),
    ('29F.555-002', 'A1'),
    ('29F.555-002', 'A2'),
    ('29F.555-002', 'A3'),
    ('29F.555-002', 'A4'),
    ('29F.555-002', 'A5'),
    ('29F.555-002', 'A6'),
    ('29F.555-002', 'A7'),
    ('29F.555-002', 'A8'),
    ('29F.555-002', 'A9'),
    ('29F.555-002', 'A10'),
    ('29F.555-002', 'A11'),
    ('29F.555-002', 'A12'),
    ('29F.555-002', 'A13'),
    ('29F.555-002', 'A14'),
    ('29F.555-002', 'A15'),
    ('29F.555-002', 'A16'),
    ('29F.555-002', 'A17'),
    ('29F.555-002', 'B1'),
    ('29F.555-002', 'B2'),
    ('29F.555-002', 'B3'),
    ('29F.555-002', 'B4'),
    ('29F.555-002', 'B5'),
    ('29F.555-002', 'B6'),
    ('29F.555-002', 'B7'),
    ('29F.555-002', 'B8'),
    ('29F.555-002', 'B9'),
    ('29F.555-002', 'B10'),
    ('29F.555-002', 'B11'),
    ('29F.555-002', 'B12'),
    ('29F.555-002', 'B13'),
    ('29F.555-002', 'B14'),
    ('29F.555-002', 'B15'),
    ('29F.555-002', 'B16'),
    ('29F.555-002', 'B17'),
    ('30F.555-004', 'A1'),
    ('30F.555-004', 'A2'),
    ('30F.555-004', 'A3'),
    ('30F.555-004', 'A4'),
    ('30F.555-004', 'A5'),
    ('30F.555-004', 'A6'),
    ('30F.555-004', 'A7'),
    ('30F.555-004', 'A8'),
    ('30F.555-004', 'A9'),
    ('30F.555-004', 'A10'),
    ('30F.555-004', 'A11'),
    ('30F.555-004', 'A12'),
    ('30F.555-004', 'A13'),
    ('30F.555-004', 'A14'),
    ('30F.555-004', 'A15'),
    ('30F.555-004', 'A16'),
    ('30F.555-004', 'A17'),
    ('30F.555-004', 'B1'),
    ('30F.555-004', 'B2'),
    ('30F.555-004', 'B3'),
    ('30F.555-004', 'B4'),
    ('30F.555-004', 'B5'),
    ('30F.555-004', 'B6'),
    ('30F.555-004', 'B7'),
    ('30F.555-004', 'B8'),
    ('30F.555-004', 'B9'),
    ('30F.555-004', 'B10'),
    ('30F.555-004', 'B11'),
    ('30F.555-004', 'B12'),
    ('30F.555-004', 'B13'),
    ('30F.555-004', 'B14'),
    ('30F.555-004', 'B15'),
    ('30F.555-004', 'B16'),
    ('30F.555-004', 'B17'),
    ('30F.555-028', 'A1'),
    ('30F.555-028', 'A2'),
    ('30F.555-028', 'A3'),
    ('30F.555-028', 'A4'),
    ('30F.555-028', 'A5'),
    ('30F.555-028', 'A6'),
    ('30F.555-028', 'A7'),
    ('30F.555-028', 'A8'),
    ('30F.555-028', 'A9'),
    ('30F.555-028', 'A10'),
    ('30F.555-028', 'A11'),
    ('30F.555-028', 'A12'),
    ('30F.555-028', 'A13'),
    ('30F.555-028', 'A14'),
    ('30F.555-028', 'A15'),
    ('30F.555-028', 'A16'),
    ('30F.555-028', 'A17'),
    ('30F.555-028', 'A18'),
    ('30F.555-028', 'A19'),
    ('30F.555-028', 'A20'),
    ('30F.555-028', 'A21'),
    ('30F.555-028', 'A22'),
    ('30F.555-028', 'A23'),
    ('30F.555-028', 'B1'),
    ('30F.555-028', 'B2'),
    ('30F.555-028', 'B3'),
    ('30F.555-028', 'B4'),
    ('30F.555-028', 'B5'),
    ('30F.555-028', 'B6'),
    ('30F.555-028', 'B7'),
    ('30F.555-028', 'B8'),
    ('30F.555-028', 'B9'),
    ('30F.555-028', 'B10'),
    ('30F.555-028', 'B11'),
    ('30F.555-028', 'B12'),
    ('30F.555-028', 'B13'),
    ('30F.555-028', 'B14'),
    ('30F.555-028', 'B15'),
    ('30F.555-028', 'B16'),
    ('30F.555-028', 'B17'),
    ('30F.555-028', 'B18'),
    ('30F.555-028', 'B19'),
    ('30F.555-028', 'B20'),
    ('30F.555-028', 'B21'),
    ('30F.555-028', 'B22'),
    ('30F.555-046', 'A1'),
    ('30F.555-046', 'A2'),
    ('30F.555-046', 'A3'),
    ('30F.555-046', 'A4'),
    ('30F.555-046', 'A5'),
    ('30F.555-046', 'A6'),
    ('30F.555-046', 'A7'),
    ('30F.555-046', 'A8'),
    ('30F.555-046', 'A9'),
    ('30F.555-046', 'A10'),
    ('30F.555-046', 'A11'),
    ('30F.555-046', 'A12'),
    ('30F.555-046', 'A13'),
    ('30F.555-046', 'A14'),
    ('30F.555-046', 'A15'),
    ('30F.555-046', 'A16'),
    ('30F.555-046', 'A17'),
    ('30F.555-046', 'A18'),
    ('30F.555-046', 'A19'),
    ('30F.555-046', 'A20'),
    ('30F.555-046', 'A21'),
    ('30F.555-046', 'A22'),
    ('30F.555-046', 'A23'),
    ('30F.555-046', 'B1'),
    ('30F.555-046', 'B2'),
    ('30F.555-046', 'B3'),
    ('30F.555-046', 'B4'),
    ('30F.555-046', 'B5'),
    ('30F.555-046', 'B6'),
    ('30F.555-046', 'B7'),
    ('30F.555-046', 'B8'),
    ('30F.555-046', 'B9'),
    ('30F.555-046', 'B10'),
    ('30F.555-046', 'B11'),
    ('30F.555-046', 'B12'),
    ('30F.555-046', 'B13'),
    ('30F.555-046', 'B14'),
    ('30F.555-046', 'B15'),
    ('30F.555-046', 'B16'),
    ('30F.555-046', 'B17'),
    ('30F.555-046', 'B18'),
    ('30F.555-046', 'B19'),
    ('30F.555-046', 'B20'),
    ('30F.555-046', 'B21'),
    ('30F.555-046', 'B22'),
    ('30F.555-064', 'A1'),
    ('30F.555-064', 'A2'),
    ('30F.555-064', 'A3'),
    ('30F.555-064', 'A4'),
    ('30F.555-064', 'A5'),
    ('30F.555-064', 'A6'),
    ('30F.555-064', 'A7'),
    ('30F.555-064', 'A8'),
    ('30F.555-064', 'A9'),
    ('30F.555-064', 'A10'),
    ('30F.555-064', 'A11'),
    ('30F.555-064', 'A12'),
    ('30F.555-064', 'A13'),
    ('30F.555-064', 'A14'),
    ('30F.555-064', 'A15'),
    ('30F.555-064', 'A16'),
    ('30F.555-064', 'A17'),
    ('30F.555-064', 'A18'),
    ('30F.555-064', 'A19'),
    ('30F.555-064', 'A20'),
    ('30F.555-064', 'A21'),
    ('30F.555-064', 'A22'),
    ('30F.555-064', 'A23'),
    ('30F.555-064', 'B1'),
    ('30F.555-064', 'B2'),
    ('30F.555-064', 'B3'),
    ('30F.555-064', 'B4'),
    ('30F.555-064', 'B5'),
    ('30F.555-064', 'B6'),
    ('30F.555-064', 'B7'),
    ('30F.555-064', 'B8'),
    ('30F.555-064', 'B9'),
    ('30F.555-064', 'B10'),
    ('30F.555-064', 'B11'),
    ('30F.555-064', 'B12'),
    ('30F.555-064', 'B13'),
    ('30F.555-064', 'B14'),
    ('30F.555-064', 'B15'),
    ('30F.555-064', 'B16'),
    ('30F.555-064', 'B17'),
    ('30F.555-064', 'B18'),
    ('30F.555-064', 'B19'),
    ('30F.555-064', 'B20'),
    ('30F.555-064', 'B21'),
    ('30F.555-064', 'B22'),
    ('30F.666-019', 'A1'),
    ('30F.666-019', 'A2'),
    ('30F.666-019', 'A3'),
    ('30F.666-019', 'A4'),
    ('30F.666-019', 'A5'),
    ('30F.666-019', 'A6'),
    ('30F.666-019', 'A7'),
    ('30F.666-019', 'A8'),
    ('30F.666-019', 'A9'),
    ('30F.666-019', 'A10'),
    ('30F.666-019', 'A11'),
    ('30F.666-019', 'A12'),
    ('30F.666-019', 'A13'),
    ('30F.666-019', 'A14'),
    ('30F.666-019', 'A15'),
    ('30F.666-019', 'A16'),
    ('30F.666-019', 'A17'),
    ('30F.666-019', 'B1'),
    ('30F.666-019', 'B2'),
    ('30F.666-019', 'B3'),
    ('30F.666-019', 'B4'),
    ('30F.666-019', 'B5'),
    ('30F.666-019', 'B6'),
    ('30F.666-019', 'B7'),
    ('30F.666-019', 'B8'),
    ('30F.666-019', 'B9'),
    ('30F.666-019', 'B10'),
    ('30F.666-019', 'B11'),
    ('30F.666-019', 'B12'),
    ('30F.666-019', 'B13'),
    ('30F.666-019', 'B14'),
    ('30F.666-019', 'B15'),
    ('30F.666-019', 'B16'),
    ('30F.666-019', 'B17'),
    ('30F.666-037', 'A1'),
    ('30F.666-037', 'A2'),
    ('30F.666-037', 'A3'),
    ('30F.666-037', 'A4'),
    ('30F.666-037', 'A5'),
    ('30F.666-037', 'A6'),
    ('30F.666-037', 'A7'),
    ('30F.666-037', 'A8'),
    ('30F.666-037', 'A9'),
    ('30F.666-037', 'A10'),
    ('30F.666-037', 'A11'),
    ('30F.666-037', 'A12'),
    ('30F.666-037', 'A13'),
    ('30F.666-037', 'A14'),
    ('30F.666-037', 'A15'),
    ('30F.666-037', 'A16'),
    ('30F.666-037', 'A17'),
    ('30F.666-037', 'B1'),
    ('30F.666-037', 'B2'),
    ('30F.666-037', 'B3'),
    ('30F.666-037', 'B4'),
    ('30F.666-037', 'B5'),
    ('30F.666-037', 'B6'),
    ('30F.666-037', 'B7'),
    ('30F.666-037', 'B8'),
    ('30F.666-037', 'B9'),
    ('30F.666-037', 'B10'),
    ('30F.666-037', 'B11'),
    ('30F.666-037', 'B12'),
    ('30F.666-037', 'B13'),
    ('30F.666-037', 'B14'),
    ('30F.666-037', 'B15'),
    ('30F.666-037', 'B16'),
    ('30F.666-037', 'B17'),
    ('30F.666-055', 'A1'),
    ('30F.666-055', 'A2'),
    ('30F.666-055', 'A3'),
    ('30F.666-055', 'A4'),
    ('30F.666-055', 'A5'),
    ('30F.666-055', 'A6'),
    ('30F.666-055', 'A7'),
    ('30F.666-055', 'A8'),
    ('30F.666-055', 'A9'),
    ('30F.666-055', 'A10'),
    ('30F.666-055', 'A11'),
    ('30F.666-055', 'A12'),
    ('30F.666-055', 'A13'),
    ('30F.666-055', 'A14'),
    ('30F.666-055', 'A15'),
    ('30F.666-055', 'A16'),
    ('30F.666-055', 'A17'),
    ('30F.666-055', 'B1'),
    ('30F.666-055', 'B2'),
    ('30F.666-055', 'B3'),
    ('30F.666-055', 'B4'),
    ('30F.666-055', 'B5'),
    ('30F.666-055', 'B6'),
    ('30F.666-055', 'B7'),
    ('30F.666-055', 'B8'),
    ('30F.666-055', 'B9'),
    ('30F.666-055', 'B10'),
    ('30F.666-055', 'B11'),
    ('30F.666-055', 'B12'),
    ('30F.666-055', 'B13'),
    ('30F.666-055', 'B14'),
    ('30F.666-055', 'B15'),
    ('30F.666-055', 'B16'),
    ('30F.666-055', 'B17'),
    ('30F.666-073', 'A1'),
    ('30F.666-073', 'A2'),
    ('30F.666-073', 'A3'),
    ('30F.666-073', 'A4'),
    ('30F.666-073', 'A5'),
    ('30F.666-073', 'A6'),
    ('30F.666-073', 'A7'),
    ('30F.666-073', 'A8'),
    ('30F.666-073', 'A9'),
    ('30F.666-073', 'A10'),
    ('30F.666-073', 'A11'),
    ('30F.666-073', 'A12'),
    ('30F.666-073', 'A13'),
    ('30F.666-073', 'A14'),
    ('30F.666-073', 'A15'),
    ('30F.666-073', 'A16'),
    ('30F.666-073', 'A17'),
    ('30F.666-073', 'B1'),
    ('30F.666-073', 'B2'),
    ('30F.666-073', 'B3'),
    ('30F.666-073', 'B4'),
    ('30F.666-073', 'B5'),
    ('30F.666-073', 'B6'),
    ('30F.666-073', 'B7'),
    ('30F.666-073', 'B8'),
    ('30F.666-073', 'B9'),
    ('30F.666-073', 'B10'),
    ('30F.666-073', 'B11'),
    ('30F.666-073', 'B12'),
    ('30F.666-073', 'B13'),
    ('30F.666-073', 'B14'),
    ('30F.666-073', 'B15'),
    ('30F.666-073', 'B16'),
    ('30F.666-073', 'B17'),
    ('43F.555-022', 'A1'),
    ('43F.555-022', 'A2'),
    ('43F.555-022', 'A3'),
    ('43F.555-022', 'A4'),
    ('43F.555-022', 'A5'),
    ('43F.555-022', 'A6'),
    ('43F.555-022', 'A7'),
    ('43F.555-022', 'A8'),
    ('43F.555-022', 'A9'),
    ('43F.555-022', 'A10'),
    ('43F.555-022', 'A11'),
    ('43F.555-022', 'A12'),
    ('43F.555-022', 'A13'),
    ('43F.555-022', 'A14'),
    ('43F.555-022', 'A15'),
    ('43F.555-022', 'A16'),
    ('43F.555-022', 'A17'),
    ('43F.555-022', 'B1'),
    ('43F.555-022', 'B2'),
    ('43F.555-022', 'B3'),
    ('43F.555-022', 'B4'),
    ('43F.555-022', 'B5'),
    ('43F.555-022', 'B6'),
    ('43F.555-022', 'B7'),
    ('43F.555-022', 'B8'),
    ('43F.555-022', 'B9'),
    ('43F.555-022', 'B10'),
    ('43F.555-022', 'B11'),
    ('43F.555-022', 'B12'),
    ('43F.555-022', 'B13'),
    ('43F.555-022', 'B14'),
    ('43F.555-022', 'B15'),
    ('43F.555-022', 'B16'),
    ('43F.555-022', 'B17'),
    ('43F.555-040', 'A1'),
    ('43F.555-040', 'A2'),
    ('43F.555-040', 'A3'),
    ('43F.555-040', 'A4'),
    ('43F.555-040', 'A5'),
    ('43F.555-040', 'A6'),
    ('43F.555-040', 'A7'),
    ('43F.555-040', 'A8'),
    ('43F.555-040', 'A9'),
    ('43F.555-040', 'A10'),
    ('43F.555-040', 'A11'),
    ('43F.555-040', 'A12'),
    ('43F.555-040', 'A13'),
    ('43F.555-040', 'A14'),
    ('43F.555-040', 'A15'),
    ('43F.555-040', 'A16'),
    ('43F.555-040', 'A17'),
    ('43F.555-040', 'B1'),
    ('43F.555-040', 'B2'),
    ('43F.555-040', 'B3'),
    ('43F.555-040', 'B4'),
    ('43F.555-040', 'B5'),
    ('43F.555-040', 'B6'),
    ('43F.555-040', 'B7'),
    ('43F.555-040', 'B8'),
    ('43F.555-040', 'B9'),
    ('43F.555-040', 'B10'),
    ('43F.555-040', 'B11'),
    ('43F.555-040', 'B12'),
    ('43F.555-040', 'B13'),
    ('43F.555-040', 'B14'),
    ('43F.555-040', 'B15'),
    ('43F.555-040', 'B16'),
    ('43F.555-040', 'B17'),
    ('43F.555-058', 'A1'),
    ('43F.555-058', 'A2'),
    ('43F.555-058', 'A3'),
    ('43F.555-058', 'A4'),
    ('43F.555-058', 'A5'),
    ('43F.555-058', 'A6'),
    ('43F.555-058', 'A7'),
    ('43F.555-058', 'A8'),
    ('43F.555-058', 'A9'),
    ('43F.555-058', 'A10'),
    ('43F.555-058', 'A11'),
    ('43F.555-058', 'A12'),
    ('43F.555-058', 'A13'),
    ('43F.555-058', 'A14'),
    ('43F.555-058', 'A15'),
    ('43F.555-058', 'A16'),
    ('43F.555-058', 'A17'),
    ('43F.555-058', 'B1'),
    ('43F.555-058', 'B2'),
    ('43F.555-058', 'B3'),
    ('43F.555-058', 'B4'),
    ('43F.555-058', 'B5'),
    ('43F.555-058', 'B6'),
    ('43F.555-058', 'B7'),
    ('43F.555-058', 'B8'),
    ('43F.555-058', 'B9'),
    ('43F.555-058', 'B10'),
    ('43F.555-058', 'B11'),
    ('43F.555-058', 'B12'),
    ('43F.555-058', 'B13'),
    ('43F.555-058', 'B14'),
    ('43F.555-058', 'B15'),
    ('43F.555-058', 'B16'),
    ('43F.555-058', 'B17'),
    ('43F.555-076', 'A1'),
    ('43F.555-076', 'A2'),
    ('43F.555-076', 'A3'),
    ('43F.555-076', 'A4'),
    ('43F.555-076', 'A5'),
    ('43F.555-076', 'A6'),
    ('43F.555-076', 'A7'),
    ('43F.555-076', 'A8'),
    ('43F.555-076', 'A9'),
    ('43F.555-076', 'A10'),
    ('43F.555-076', 'A11'),
    ('43F.555-076', 'A12'),
    ('43F.555-076', 'A13'),
    ('43F.555-076', 'A14'),
    ('43F.555-076', 'A15'),
    ('43F.555-076', 'A16'),
    ('43F.555-076', 'A17'),
    ('43F.555-076', 'B1'),
    ('43F.555-076', 'B2'),
    ('43F.555-076', 'B3'),
    ('43F.555-076', 'B4'),
    ('43F.555-076', 'B5'),
    ('43F.555-076', 'B6'),
    ('43F.555-076', 'B7'),
    ('43F.555-076', 'B8'),
    ('43F.555-076', 'B9'),
    ('43F.555-076', 'B10'),
    ('43F.555-076', 'B11'),
    ('43F.555-076', 'B12'),
    ('43F.555-076', 'B13'),
    ('43F.555-076', 'B14'),
    ('43F.555-076', 'B15'),
    ('43F.555-076', 'B16'),
    ('43F.555-076', 'B17'),
    ('43F.666-013', 'A1'),
    ('43F.666-013', 'A2'),
    ('43F.666-013', 'A3'),
    ('43F.666-013', 'A4'),
    ('43F.666-013', 'A5'),
    ('43F.666-013', 'A6'),
    ('43F.666-013', 'A7'),
    ('43F.666-013', 'A8'),
    ('43F.666-013', 'A9'),
    ('43F.666-013', 'A10'),
    ('43F.666-013', 'A11'),
    ('43F.666-013', 'A12'),
    ('43F.666-013', 'A13'),
    ('43F.666-013', 'A14'),
    ('43F.666-013', 'A15'),
    ('43F.666-013', 'A16'),
    ('43F.666-013', 'A17'),
    ('43F.666-013', 'B1'),
    ('43F.666-013', 'B2'),
    ('43F.666-013', 'B3'),
    ('43F.666-013', 'B4'),
    ('43F.666-013', 'B5'),
    ('43F.666-013', 'B6'),
    ('43F.666-013', 'B7'),
    ('43F.666-013', 'B8'),
    ('43F.666-013', 'B9'),
    ('43F.666-013', 'B10'),
    ('43F.666-013', 'B11'),
    ('43F.666-013', 'B12'),
    ('43F.666-013', 'B13'),
    ('43F.666-013', 'B14'),
    ('43F.666-013', 'B15'),
    ('43F.666-013', 'B16'),
    ('43F.666-013', 'B17'),
    ('43F.666-031', 'A1'),
    ('43F.666-031', 'A2'),
    ('43F.666-031', 'A3'),
    ('43F.666-031', 'A4'),
    ('43F.666-031', 'A5'),
    ('43F.666-031', 'A6'),
    ('43F.666-031', 'A7'),
    ('43F.666-031', 'A8'),
    ('43F.666-031', 'A9'),
    ('43F.666-031', 'A10'),
    ('43F.666-031', 'A11'),
    ('43F.666-031', 'A12'),
    ('43F.666-031', 'A13'),
    ('43F.666-031', 'A14'),
    ('43F.666-031', 'A15'),
    ('43F.666-031', 'A16'),
    ('43F.666-031', 'A17'),
    ('43F.666-031', 'B1'),
    ('43F.666-031', 'B2'),
    ('43F.666-031', 'B3'),
    ('43F.666-031', 'B4'),
    ('43F.666-031', 'B5'),
    ('43F.666-031', 'B6'),
    ('43F.666-031', 'B7'),
    ('43F.666-031', 'B8'),
    ('43F.666-031', 'B9'),
    ('43F.666-031', 'B10'),
    ('43F.666-031', 'B11'),
    ('43F.666-031', 'B12'),
    ('43F.666-031', 'B13'),
    ('43F.666-031', 'B14'),
    ('43F.666-031', 'B15'),
    ('43F.666-031', 'B16'),
    ('43F.666-031', 'B17'),
    ('43F.666-049', 'A1'),
    ('43F.666-049', 'A2'),
    ('43F.666-049', 'A3'),
    ('43F.666-049', 'A4'),
    ('43F.666-049', 'A5'),
    ('43F.666-049', 'A6'),
    ('43F.666-049', 'A7'),
    ('43F.666-049', 'A8'),
    ('43F.666-049', 'A9'),
    ('43F.666-049', 'A10'),
    ('43F.666-049', 'A11'),
    ('43F.666-049', 'A12'),
    ('43F.666-049', 'A13'),
    ('43F.666-049', 'A14'),
    ('43F.666-049', 'A15'),
    ('43F.666-049', 'A16'),
    ('43F.666-049', 'A17'),
    ('43F.666-049', 'B1'),
    ('43F.666-049', 'B2'),
    ('43F.666-049', 'B3'),
    ('43F.666-049', 'B4'),
    ('43F.666-049', 'B5'),
    ('43F.666-049', 'B6'),
    ('43F.666-049', 'B7'),
    ('43F.666-049', 'B8'),
    ('43F.666-049', 'B9'),
    ('43F.666-049', 'B10'),
    ('43F.666-049', 'B11'),
    ('43F.666-049', 'B12'),
    ('43F.666-049', 'B13'),
    ('43F.666-049', 'B14'),
    ('43F.666-049', 'B15'),
    ('43F.666-049', 'B16'),
    ('43F.666-049', 'B17'),
    ('43F.666-067', 'A1'),
    ('43F.666-067', 'A2'),
    ('43F.666-067', 'A3'),
    ('43F.666-067', 'A4'),
    ('43F.666-067', 'A5'),
    ('43F.666-067', 'A6'),
    ('43F.666-067', 'A7'),
    ('43F.666-067', 'A8'),
    ('43F.666-067', 'A9'),
    ('43F.666-067', 'A10'),
    ('43F.666-067', 'A11'),
    ('43F.666-067', 'A12'),
    ('43F.666-067', 'A13'),
    ('43F.666-067', 'A14'),
    ('43F.666-067', 'A15'),
    ('43F.666-067', 'A16'),
    ('43F.666-067', 'A17'),
    ('43F.666-067', 'B1'),
    ('43F.666-067', 'B2'),
    ('43F.666-067', 'B3'),
    ('43F.666-067', 'B4'),
    ('43F.666-067', 'B5'),
    ('43F.666-067', 'B6'),
    ('43F.666-067', 'B7'),
    ('43F.666-067', 'B8'),
    ('43F.666-067', 'B9'),
    ('43F.666-067', 'B10'),
    ('43F.666-067', 'B11'),
    ('43F.666-067', 'B12'),
    ('43F.666-067', 'B13'),
    ('43F.666-067', 'B14'),
    ('43F.666-067', 'B15'),
    ('43F.666-067', 'B16'),
    ('43F.666-067', 'B17'),
    ('60F.555-026', 'A1'),
    ('60F.555-026', 'A2'),
    ('60F.555-026', 'A3'),
    ('60F.555-026', 'A4'),
    ('60F.555-026', 'A5'),
    ('60F.555-026', 'A6'),
    ('60F.555-026', 'A7'),
    ('60F.555-026', 'A8'),
    ('60F.555-026', 'A9'),
    ('60F.555-026', 'A10'),
    ('60F.555-026', 'A11'),
    ('60F.555-026', 'A12'),
    ('60F.555-026', 'A13'),
    ('60F.555-026', 'A14'),
    ('60F.555-026', 'A15'),
    ('60F.555-026', 'A16'),
    ('60F.555-026', 'A17'),
    ('60F.555-026', 'B1'),
    ('60F.555-026', 'B2'),
    ('60F.555-026', 'B3'),
    ('60F.555-026', 'B4'),
    ('60F.555-026', 'B5'),
    ('60F.555-026', 'B6'),
    ('60F.555-026', 'B7'),
    ('60F.555-026', 'B8'),
    ('60F.555-026', 'B9'),
    ('60F.555-026', 'B10'),
    ('60F.555-026', 'B11'),
    ('60F.555-026', 'B12'),
    ('60F.555-026', 'B13'),
    ('60F.555-026', 'B14'),
    ('60F.555-026', 'B15'),
    ('60F.555-026', 'B16'),
    ('60F.555-026', 'B17'),
    ('60F.555-044', 'A1'),
    ('60F.555-044', 'A2'),
    ('60F.555-044', 'A3'),
    ('60F.555-044', 'A4'),
    ('60F.555-044', 'A5'),
    ('60F.555-044', 'A6'),
    ('60F.555-044', 'A7'),
    ('60F.555-044', 'A8'),
    ('60F.555-044', 'A9'),
    ('60F.555-044', 'A10'),
    ('60F.555-044', 'A11'),
    ('60F.555-044', 'A12'),
    ('60F.555-044', 'A13'),
    ('60F.555-044', 'A14'),
    ('60F.555-044', 'A15'),
    ('60F.555-044', 'A16'),
    ('60F.555-044', 'A17'),
    ('60F.555-044', 'B1'),
    ('60F.555-044', 'B2'),
    ('60F.555-044', 'B3'),
    ('60F.555-044', 'B4'),
    ('60F.555-044', 'B5'),
    ('60F.555-044', 'B6'),
    ('60F.555-044', 'B7'),
    ('60F.555-044', 'B8'),
    ('60F.555-044', 'B9'),
    ('60F.555-044', 'B10'),
    ('60F.555-044', 'B11'),
    ('60F.555-044', 'B12'),
    ('60F.555-044', 'B13'),
    ('60F.555-044', 'B14'),
    ('60F.555-044', 'B15'),
    ('60F.555-044', 'B16'),
    ('60F.555-044', 'B17'),
    ('60F.555-062', 'A1'),
    ('60F.555-062', 'A2'),
    ('60F.555-062', 'A3'),
    ('60F.555-062', 'A4'),
    ('60F.555-062', 'A5'),
    ('60F.555-062', 'A6'),
    ('60F.555-062', 'A7'),
    ('60F.555-062', 'A8'),
    ('60F.555-062', 'A9'),
    ('60F.555-062', 'A10'),
    ('60F.555-062', 'A11'),
    ('60F.555-062', 'A12'),
    ('60F.555-062', 'A13'),
    ('60F.555-062', 'A14'),
    ('60F.555-062', 'A15'),
    ('60F.555-062', 'A16'),
    ('60F.555-062', 'A17'),
    ('60F.555-062', 'B1'),
    ('60F.555-062', 'B2'),
    ('60F.555-062', 'B3'),
    ('60F.555-062', 'B4'),
    ('60F.555-062', 'B5'),
    ('60F.555-062', 'B6'),
    ('60F.555-062', 'B7'),
    ('60F.555-062', 'B8'),
    ('60F.555-062', 'B9'),
    ('60F.555-062', 'B10'),
    ('60F.555-062', 'B11'),
    ('60F.555-062', 'B12'),
    ('60F.555-062', 'B13'),
    ('60F.555-062', 'B14'),
    ('60F.555-062', 'B15'),
    ('60F.555-062', 'B16'),
    ('60F.555-062', 'B17'),
    ('60F.555-080', 'A1'),
    ('60F.555-080', 'A2'),
    ('60F.555-080', 'A3'),
    ('60F.555-080', 'A4'),
    ('60F.555-080', 'A5'),
    ('60F.555-080', 'A6'),
    ('60F.555-080', 'A7'),
    ('60F.555-080', 'A8'),
    ('60F.555-080', 'A9'),
    ('60F.555-080', 'A10'),
    ('60F.555-080', 'A11'),
    ('60F.555-080', 'A12'),
    ('60F.555-080', 'A13'),
    ('60F.555-080', 'A14'),
    ('60F.555-080', 'A15'),
    ('60F.555-080', 'A16'),
    ('60F.555-080', 'A17'),
    ('60F.555-080', 'B1'),
    ('60F.555-080', 'B2'),
    ('60F.555-080', 'B3'),
    ('60F.555-080', 'B4'),
    ('60F.555-080', 'B5'),
    ('60F.555-080', 'B6'),
    ('60F.555-080', 'B7'),
    ('60F.555-080', 'B8'),
    ('60F.555-080', 'B9'),
    ('60F.555-080', 'B10'),
    ('60F.555-080', 'B11'),
    ('60F.555-080', 'B12'),
    ('60F.555-080', 'B13'),
    ('60F.555-080', 'B14'),
    ('60F.555-080', 'B15'),
    ('60F.555-080', 'B16'),
    ('60F.555-080', 'B17'),
    ('60F.666-017', 'A1'),
    ('60F.666-017', 'A2'),
    ('60F.666-017', 'A3'),
    ('60F.666-017', 'A4'),
    ('60F.666-017', 'A5'),
    ('60F.666-017', 'A6'),
    ('60F.666-017', 'A7'),
    ('60F.666-017', 'A8'),
    ('60F.666-017', 'A9'),
    ('60F.666-017', 'A10'),
    ('60F.666-017', 'A11'),
    ('60F.666-017', 'A12'),
    ('60F.666-017', 'A13'),
    ('60F.666-017', 'A14'),
    ('60F.666-017', 'A15'),
    ('60F.666-017', 'A16'),
    ('60F.666-017', 'A17'),
    ('60F.666-017', 'B1'),
    ('60F.666-017', 'B2'),
    ('60F.666-017', 'B3'),
    ('60F.666-017', 'B4'),
    ('60F.666-017', 'B5'),
    ('60F.666-017', 'B6'),
    ('60F.666-017', 'B7'),
    ('60F.666-017', 'B8'),
    ('60F.666-017', 'B9'),
    ('60F.666-017', 'B10'),
    ('60F.666-017', 'B11'),
    ('60F.666-017', 'B12'),
    ('60F.666-017', 'B13'),
    ('60F.666-017', 'B14'),
    ('60F.666-017', 'B15'),
    ('60F.666-017', 'B16'),
    ('60F.666-017', 'B17'),
    ('60F.666-035', 'A1'),
    ('60F.666-035', 'A2'),
    ('60F.666-035', 'A3'),
    ('60F.666-035', 'A4'),
    ('60F.666-035', 'A5'),
    ('60F.666-035', 'A6'),
    ('60F.666-035', 'A7'),
    ('60F.666-035', 'A8'),
    ('60F.666-035', 'A9'),
    ('60F.666-035', 'A10'),
    ('60F.666-035', 'A11'),
    ('60F.666-035', 'A12'),
    ('60F.666-035', 'A13'),
    ('60F.666-035', 'A14'),
    ('60F.666-035', 'A15'),
    ('60F.666-035', 'A16'),
    ('60F.666-035', 'A17'),
    ('60F.666-035', 'B1'),
    ('60F.666-035', 'B2'),
    ('60F.666-035', 'B3'),
    ('60F.666-035', 'B4'),
    ('60F.666-035', 'B5'),
    ('60F.666-035', 'B6'),
    ('60F.666-035', 'B7'),
    ('60F.666-035', 'B8'),
    ('60F.666-035', 'B9'),
    ('60F.666-035', 'B10'),
    ('60F.666-035', 'B11'),
    ('60F.666-035', 'B12'),
    ('60F.666-035', 'B13'),
    ('60F.666-035', 'B14'),
    ('60F.666-035', 'B15'),
    ('60F.666-035', 'B16'),
    ('60F.666-035', 'B17'),
    ('60F.666-053', 'A1'),
    ('60F.666-053', 'A2'),
    ('60F.666-053', 'A3'),
    ('60F.666-053', 'A4'),
    ('60F.666-053', 'A5'),
    ('60F.666-053', 'A6'),
    ('60F.666-053', 'A7'),
    ('60F.666-053', 'A8'),
    ('60F.666-053', 'A9'),
    ('60F.666-053', 'A10'),
    ('60F.666-053', 'A11'),
    ('60F.666-053', 'A12'),
    ('60F.666-053', 'A13'),
    ('60F.666-053', 'A14'),
    ('60F.666-053', 'A15'),
    ('60F.666-053', 'A16'),
    ('60F.666-053', 'A17'),
    ('60F.666-053', 'B1'),
    ('60F.666-053', 'B2'),
    ('60F.666-053', 'B3'),
    ('60F.666-053', 'B4'),
    ('60F.666-053', 'B5'),
    ('60F.666-053', 'B6'),
    ('60F.666-053', 'B7'),
    ('60F.666-053', 'B8'),
    ('60F.666-053', 'B9'),
    ('60F.666-053', 'B10'),
    ('60F.666-053', 'B11'),
    ('60F.666-053', 'B12'),
    ('60F.666-053', 'B13'),
    ('60F.666-053', 'B14'),
    ('60F.666-053', 'B15'),
    ('60F.666-053', 'B16'),
    ('60F.666-053', 'B17'),
    ('60F.666-071', 'A1'),
    ('60F.666-071', 'A2'),
    ('60F.666-071', 'A3'),
    ('60F.666-071', 'A4'),
    ('60F.666-071', 'A5'),
    ('60F.666-071', 'A6'),
    ('60F.666-071', 'A7'),
    ('60F.666-071', 'A8'),
    ('60F.666-071', 'A9'),
    ('60F.666-071', 'A10'),
    ('60F.666-071', 'A11'),
    ('60F.666-071', 'A12'),
    ('60F.666-071', 'A13'),
    ('60F.666-071', 'A14'),
    ('60F.666-071', 'A15'),
    ('60F.666-071', 'A16'),
    ('60F.666-071', 'A17'),
    ('60F.666-071', 'B1'),
    ('60F.666-071', 'B2'),
    ('60F.666-071', 'B3'),
    ('60F.666-071', 'B4'),
    ('60F.666-071', 'B5'),
    ('60F.666-071', 'B6'),
    ('60F.666-071', 'B7'),
    ('60F.666-071', 'B8'),
    ('60F.666-071', 'B9'),
    ('60F.666-071', 'B10'),
    ('60F.666-071', 'B11'),
    ('60F.666-071', 'B12'),
    ('60F.666-071', 'B13'),
    ('60F.666-071', 'B14'),
    ('60F.666-071', 'B15'),
    ('60F.666-071', 'B16'),
    ('60F.666-071', 'B17'),
    ('75F.555-008', 'A1'),
    ('75F.555-008', 'A2'),
    ('75F.555-008', 'A3'),
    ('75F.555-008', 'A4'),
    ('75F.555-008', 'A5'),
    ('75F.555-008', 'A6'),
    ('75F.555-008', 'A7'),
    ('75F.555-008', 'A8'),
    ('75F.555-008', 'A9'),
    ('75F.555-008', 'A10'),
    ('75F.555-008', 'A11'),
    ('75F.555-008', 'A12'),
    ('75F.555-008', 'A13'),
    ('75F.555-008', 'A14'),
    ('75F.555-008', 'A15'),
    ('75F.555-008', 'A16'),
    ('75F.555-008', 'A17'),
    ('75F.555-008', 'A18'),
    ('75F.555-008', 'A19'),
    ('75F.555-008', 'A20'),
    ('75F.555-008', 'A21'),
    ('75F.555-008', 'A22'),
    ('75F.555-008', 'A23'),
    ('75F.555-008', 'B1'),
    ('75F.555-008', 'B2'),
    ('75F.555-008', 'B3'),
    ('75F.555-008', 'B4'),
    ('75F.555-008', 'B5'),
    ('75F.555-008', 'B6'),
    ('75F.555-008', 'B7'),
    ('75F.555-008', 'B8'),
    ('75F.555-008', 'B9'),
    ('75F.555-008', 'B10'),
    ('75F.555-008', 'B11'),
    ('75F.555-008', 'B12'),
    ('75F.555-008', 'B13'),
    ('75F.555-008', 'B14'),
    ('75F.555-008', 'B15'),
    ('75F.555-008', 'B16'),
    ('75F.555-008', 'B17'),
    ('75F.555-008', 'B18'),
    ('75F.555-008', 'B19'),
    ('75F.555-008', 'B20'),
    ('75F.555-008', 'B21'),
    ('75F.555-008', 'B22'),
    ('75F.555-024', 'A1'),
    ('75F.555-024', 'A2'),
    ('75F.555-024', 'A3'),
    ('75F.555-024', 'A4'),
    ('75F.555-024', 'A5'),
    ('75F.555-024', 'A6'),
    ('75F.555-024', 'A7'),
    ('75F.555-024', 'A8'),
    ('75F.555-024', 'A9'),
    ('75F.555-024', 'A10'),
    ('75F.555-024', 'A11'),
    ('75F.555-024', 'A12'),
    ('75F.555-024', 'A13'),
    ('75F.555-024', 'A14'),
    ('75F.555-024', 'A15'),
    ('75F.555-024', 'A16'),
    ('75F.555-024', 'A17'),
    ('75F.555-024', 'B1'),
    ('75F.555-024', 'B2'),
    ('75F.555-024', 'B3'),
    ('75F.555-024', 'B4'),
    ('75F.555-024', 'B5'),
    ('75F.555-024', 'B6'),
    ('75F.555-024', 'B7'),
    ('75F.555-024', 'B8'),
    ('75F.555-024', 'B9'),
    ('75F.555-024', 'B10'),
    ('75F.555-024', 'B11'),
    ('75F.555-024', 'B12'),
    ('75F.555-024', 'B13'),
    ('75F.555-024', 'B14'),
    ('75F.555-024', 'B15'),
    ('75F.555-024', 'B16'),
    ('75F.555-024', 'B17'),
    ('75F.555-042', 'A1'),
    ('75F.555-042', 'A2'),
    ('75F.555-042', 'A3'),
    ('75F.555-042', 'A4'),
    ('75F.555-042', 'A5'),
    ('75F.555-042', 'A6'),
    ('75F.555-042', 'A7'),
    ('75F.555-042', 'A8'),
    ('75F.555-042', 'A9'),
    ('75F.555-042', 'A10'),
    ('75F.555-042', 'A11'),
    ('75F.555-042', 'A12'),
    ('75F.555-042', 'A13'),
    ('75F.555-042', 'A14'),
    ('75F.555-042', 'A15'),
    ('75F.555-042', 'A16'),
    ('75F.555-042', 'A17'),
    ('75F.555-042', 'B1'),
    ('75F.555-042', 'B2'),
    ('75F.555-042', 'B3'),
    ('75F.555-042', 'B4'),
    ('75F.555-042', 'B5'),
    ('75F.555-042', 'B6'),
    ('75F.555-042', 'B7'),
    ('75F.555-042', 'B8'),
    ('75F.555-042', 'B9'),
    ('75F.555-042', 'B10'),
    ('75F.555-042', 'B11'),
    ('75F.555-042', 'B12'),
    ('75F.555-042', 'B13'),
    ('75F.555-042', 'B14'),
    ('75F.555-042', 'B15'),
    ('75F.555-042', 'B16'),
    ('75F.555-042', 'B17'),
    ('75F.555-060', 'A1'),
    ('75F.555-060', 'A2'),
    ('75F.555-060', 'A3'),
    ('75F.555-060', 'A4'),
    ('75F.555-060', 'A5'),
    ('75F.555-060', 'A6'),
    ('75F.555-060', 'A7'),
    ('75F.555-060', 'A8'),
    ('75F.555-060', 'A9'),
    ('75F.555-060', 'A10'),
    ('75F.555-060', 'A11'),
    ('75F.555-060', 'A12'),
    ('75F.555-060', 'A13'),
    ('75F.555-060', 'A14'),
    ('75F.555-060', 'A15'),
    ('75F.555-060', 'A16'),
    ('75F.555-060', 'A17'),
    ('75F.555-060', 'B1'),
    ('75F.555-060', 'B2'),
    ('75F.555-060', 'B3'),
    ('75F.555-060', 'B4'),
    ('75F.555-060', 'B5'),
    ('75F.555-060', 'B6'),
    ('75F.555-060', 'B7'),
    ('75F.555-060', 'B8'),
    ('75F.555-060', 'B9'),
    ('75F.555-060', 'B10'),
    ('75F.555-060', 'B11'),
    ('75F.555-060', 'B12'),
    ('75F.555-060', 'B13'),
    ('75F.555-060', 'B14'),
    ('75F.555-060', 'B15'),
    ('75F.555-060', 'B16'),
    ('75F.555-060', 'B17'),
    ('75F.555-078', 'A1'),
    ('75F.555-078', 'A2'),
    ('75F.555-078', 'A3'),
    ('75F.555-078', 'A4'),
    ('75F.555-078', 'A5'),
    ('75F.555-078', 'A6'),
    ('75F.555-078', 'A7'),
    ('75F.555-078', 'A8'),
    ('75F.555-078', 'A9'),
    ('75F.555-078', 'A10'),
    ('75F.555-078', 'A11'),
    ('75F.555-078', 'A12'),
    ('75F.555-078', 'A13'),
    ('75F.555-078', 'A14'),
    ('75F.555-078', 'A15'),
    ('75F.555-078', 'A16'),
    ('75F.555-078', 'A17'),
    ('75F.555-078', 'B1'),
    ('75F.555-078', 'B2'),
    ('75F.555-078', 'B3'),
    ('75F.555-078', 'B4'),
    ('75F.555-078', 'B5'),
    ('75F.555-078', 'B6'),
    ('75F.555-078', 'B7'),
    ('75F.555-078', 'B8'),
    ('75F.555-078', 'B9'),
    ('75F.555-078', 'B10'),
    ('75F.555-078', 'B11'),
    ('75F.555-078', 'B12'),
    ('75F.555-078', 'B13'),
    ('75F.555-078', 'B14'),
    ('75F.555-078', 'B15'),
    ('75F.555-078', 'B16'),
    ('75F.555-078', 'B17'),
    ('75F.666-015', 'A1'),
    ('75F.666-015', 'A2'),
    ('75F.666-015', 'A3'),
    ('75F.666-015', 'A4'),
    ('75F.666-015', 'A5'),
    ('75F.666-015', 'A6'),
    ('75F.666-015', 'A7'),
    ('75F.666-015', 'A8'),
    ('75F.666-015', 'A9'),
    ('75F.666-015', 'A10'),
    ('75F.666-015', 'A11'),
    ('75F.666-015', 'A12'),
    ('75F.666-015', 'A13'),
    ('75F.666-015', 'A14'),
    ('75F.666-015', 'A15'),
    ('75F.666-015', 'A16'),
    ('75F.666-015', 'A17'),
    ('75F.666-015', 'B1'),
    ('75F.666-015', 'B2'),
    ('75F.666-015', 'B3'),
    ('75F.666-015', 'B4'),
    ('75F.666-015', 'B5'),
    ('75F.666-015', 'B6'),
    ('75F.666-015', 'B7'),
    ('75F.666-015', 'B8'),
    ('75F.666-015', 'B9'),
    ('75F.666-015', 'B10'),
    ('75F.666-015', 'B11'),
    ('75F.666-015', 'B12'),
    ('75F.666-015', 'B13'),
    ('75F.666-015', 'B14'),
    ('75F.666-015', 'B15'),
    ('75F.666-015', 'B16'),
    ('75F.666-015', 'B17'),
    ('75F.666-033', 'A1'),
    ('75F.666-033', 'A2'),
    ('75F.666-033', 'A3'),
    ('75F.666-033', 'A4'),
    ('75F.666-033', 'A5'),
    ('75F.666-033', 'A6'),
    ('75F.666-033', 'A7'),
    ('75F.666-033', 'A8'),
    ('75F.666-033', 'A9'),
    ('75F.666-033', 'A10'),
    ('75F.666-033', 'A11'),
    ('75F.666-033', 'A12'),
    ('75F.666-033', 'A13'),
    ('75F.666-033', 'A14'),
    ('75F.666-033', 'A15'),
    ('75F.666-033', 'A16'),
    ('75F.666-033', 'A17'),
    ('75F.666-033', 'B1'),
    ('75F.666-033', 'B2'),
    ('75F.666-033', 'B3'),
    ('75F.666-033', 'B4'),
    ('75F.666-033', 'B5'),
    ('75F.666-033', 'B6'),
    ('75F.666-033', 'B7'),
    ('75F.666-033', 'B8'),
    ('75F.666-033', 'B9'),
    ('75F.666-033', 'B10'),
    ('75F.666-033', 'B11'),
    ('75F.666-033', 'B12'),
    ('75F.666-033', 'B13'),
    ('75F.666-033', 'B14'),
    ('75F.666-033', 'B15'),
    ('75F.666-033', 'B16'),
    ('75F.666-033', 'B17'),
    ('75F.666-051', 'A1'),
    ('75F.666-051', 'A2'),
    ('75F.666-051', 'A3'),
    ('75F.666-051', 'A4'),
    ('75F.666-051', 'A5'),
    ('75F.666-051', 'A6'),
    ('75F.666-051', 'A7'),
    ('75F.666-051', 'A8'),
    ('75F.666-051', 'A9'),
    ('75F.666-051', 'A10'),
    ('75F.666-051', 'A11'),
    ('75F.666-051', 'A12'),
    ('75F.666-051', 'A13'),
    ('75F.666-051', 'A14'),
    ('75F.666-051', 'A15'),
    ('75F.666-051', 'A16'),
    ('75F.666-051', 'A17'),
    ('75F.666-051', 'B1'),
    ('75F.666-051', 'B2'),
    ('75F.666-051', 'B3'),
    ('75F.666-051', 'B4'),
    ('75F.666-051', 'B5'),
    ('75F.666-051', 'B6'),
    ('75F.666-051', 'B7'),
    ('75F.666-051', 'B8'),
    ('75F.666-051', 'B9'),
    ('75F.666-051', 'B10'),
    ('75F.666-051', 'B11'),
    ('75F.666-051', 'B12'),
    ('75F.666-051', 'B13'),
    ('75F.666-051', 'B14'),
    ('75F.666-051', 'B15'),
    ('75F.666-051', 'B16'),
    ('75F.666-051', 'B17'),
    ('75F.666-069', 'A1'),
    ('75F.666-069', 'A2'),
    ('75F.666-069', 'A3'),
    ('75F.666-069', 'A4'),
    ('75F.666-069', 'A5'),
    ('75F.666-069', 'A6'),
    ('75F.666-069', 'A7'),
    ('75F.666-069', 'A8'),
    ('75F.666-069', 'A9'),
    ('75F.666-069', 'A10'),
    ('75F.666-069', 'A11'),
    ('75F.666-069', 'A12'),
    ('75F.666-069', 'A13'),
    ('75F.666-069', 'A14'),
    ('75F.666-069', 'A15'),
    ('75F.666-069', 'A16'),
    ('75F.666-069', 'A17'),
    ('75F.666-069', 'B1'),
    ('75F.666-069', 'B2'),
    ('75F.666-069', 'B3'),
    ('75F.666-069', 'B4'),
    ('75F.666-069', 'B5'),
    ('75F.666-069', 'B6'),
    ('75F.666-069', 'B7'),
    ('75F.666-069', 'B8'),
    ('75F.666-069', 'B9'),
    ('75F.666-069', 'B10'),
    ('75F.666-069', 'B11'),
    ('75F.666-069', 'B12'),
    ('75F.666-069', 'B13'),
    ('75F.666-069', 'B14'),
    ('75F.666-069', 'B15'),
    ('75F.666-069', 'B16'),
    ('75F.666-069', 'B17'),
    ('92F.555-006', 'A1'),
    ('92F.555-006', 'A2'),
    ('92F.555-006', 'A3'),
    ('92F.555-006', 'A4'),
    ('92F.555-006', 'A5'),
    ('92F.555-006', 'A6'),
    ('92F.555-006', 'A7'),
    ('92F.555-006', 'A8'),
    ('92F.555-006', 'A9'),
    ('92F.555-006', 'A10'),
    ('92F.555-006', 'A11'),
    ('92F.555-006', 'A12'),
    ('92F.555-006', 'A13'),
    ('92F.555-006', 'A14'),
    ('92F.555-006', 'A15'),
    ('92F.555-006', 'A16'),
    ('92F.555-006', 'A17'),
    ('92F.555-006', 'B1'),
    ('92F.555-006', 'B2'),
    ('92F.555-006', 'B3'),
    ('92F.555-006', 'B4'),
    ('92F.555-006', 'B5'),
    ('92F.555-006', 'B6'),
    ('92F.555-006', 'B7'),
    ('92F.555-006', 'B8'),
    ('92F.555-006', 'B9'),
    ('92F.555-006', 'B10'),
    ('92F.555-006', 'B11'),
    ('92F.555-006', 'B12'),
    ('92F.555-006', 'B13'),
    ('92F.555-006', 'B14'),
    ('92F.555-006', 'B15'),
    ('92F.555-006', 'B16'),
    ('92F.555-006', 'B17'),
    ('51F.666-011', 'A1'),
    ('51F.666-011', 'A2'),
    ('51F.666-011', 'A3'),
    ('51F.666-011', 'A4'),
    ('51F.666-011', 'A5'),
    ('51F.666-011', 'A6'),
    ('51F.666-011', 'A7'),
    ('51F.666-011', 'A8'),
    ('51F.666-011', 'A9'),
    ('51F.666-011', 'A10'),
    ('51F.666-011', 'A11'),
    ('51F.666-011', 'A12'),
    ('51F.666-011', 'A13'),
    ('51F.666-011', 'A14'),
    ('51F.666-011', 'A15'),
    ('51F.666-011', 'A16'),
    ('51F.666-011', 'A17'),
    ('51F.666-011', 'B1'),
    ('51F.666-011', 'B2'),
    ('51F.666-011', 'B3'),
    ('51F.666-011', 'B4'),
    ('51F.666-011', 'B5'),
    ('51F.666-011', 'B6'),
    ('51F.666-011', 'B7'),
    ('51F.666-011', 'B8'),
    ('51F.666-011', 'B9'),
    ('51F.666-011', 'B10'),
    ('51F.666-011', 'B11'),
    ('51F.666-011', 'B12'),
    ('51F.666-011', 'B13'),
    ('51F.666-011', 'B14'),
    ('51F.666-011', 'B15'),
    ('51F.666-011', 'B16'),
    ('51F.666-011', 'B17'),
    ('51F.666-029', 'A1'),
    ('51F.666-029', 'A2'),
    ('51F.666-029', 'A3'),
    ('51F.666-029', 'A4'),
    ('51F.666-029', 'A5'),
    ('51F.666-029', 'A6'),
    ('51F.666-029', 'A7'),
    ('51F.666-029', 'A8'),
    ('51F.666-029', 'A9'),
    ('51F.666-029', 'A10'),
    ('51F.666-029', 'A11'),
    ('51F.666-029', 'A12'),
    ('51F.666-029', 'A13'),
    ('51F.666-029', 'A14'),
    ('51F.666-029', 'A15'),
    ('51F.666-029', 'A16'),
    ('51F.666-029', 'A17'),
    ('51F.666-029', 'B1'),
    ('51F.666-029', 'B2'),
    ('51F.666-029', 'B3'),
    ('51F.666-029', 'B4'),
    ('51F.666-029', 'B5'),
    ('51F.666-029', 'B6'),
    ('51F.666-029', 'B7'),
    ('51F.666-029', 'B8'),
    ('51F.666-029', 'B9'),
    ('51F.666-029', 'B10'),
    ('51F.666-029', 'B11'),
    ('51F.666-029', 'B12'),
    ('51F.666-029', 'B13'),
    ('51F.666-029', 'B14'),
    ('51F.666-029', 'B15'),
    ('51F.666-029', 'B16'),
    ('51F.666-029', 'B17'),
    ('51F.666-047', 'A1'),
    ('51F.666-047', 'A2'),
    ('51F.666-047', 'A3'),
    ('51F.666-047', 'A4'),
    ('51F.666-047', 'A5'),
    ('51F.666-047', 'A6'),
    ('51F.666-047', 'A7'),
    ('51F.666-047', 'A8'),
    ('51F.666-047', 'A9'),
    ('51F.666-047', 'A10'),
    ('51F.666-047', 'A11'),
    ('51F.666-047', 'A12'),
    ('51F.666-047', 'A13'),
    ('51F.666-047', 'A14'),
    ('51F.666-047', 'A15'),
    ('51F.666-047', 'A16'),
    ('51F.666-047', 'A17'),
    ('51F.666-047', 'B1'),
    ('51F.666-047', 'B2'),
    ('51F.666-047', 'B3'),
    ('51F.666-047', 'B4'),
    ('51F.666-047', 'B5'),
    ('51F.666-047', 'B6'),
    ('51F.666-047', 'B7'),
    ('51F.666-047', 'B8'),
    ('51F.666-047', 'B9'),
    ('51F.666-047', 'B10'),
    ('51F.666-047', 'B11'),
    ('51F.666-047', 'B12'),
    ('51F.666-047', 'B13'),
    ('51F.666-047', 'B14'),
    ('51F.666-047', 'B15'),
    ('51F.666-047', 'B16'),
    ('51F.666-047', 'B17'),
    ('51F.666-065', 'A1'),
    ('51F.666-065', 'A2'),
    ('51F.666-065', 'A3'),
    ('51F.666-065', 'A4'),
    ('51F.666-065', 'A5'),
    ('51F.666-065', 'A6'),
    ('51F.666-065', 'A7'),
    ('51F.666-065', 'A8'),
    ('51F.666-065', 'A9'),
    ('51F.666-065', 'A10'),
    ('51F.666-065', 'A11'),
    ('51F.666-065', 'A12'),
    ('51F.666-065', 'A13'),
    ('51F.666-065', 'A14'),
    ('51F.666-065', 'A15'),
    ('51F.666-065', 'A16'),
    ('51F.666-065', 'A17'),
    ('51F.666-065', 'B1'),
    ('51F.666-065', 'B2'),
    ('51F.666-065', 'B3'),
    ('51F.666-065', 'B4'),
    ('51F.666-065', 'B5'),
    ('51F.666-065', 'B6'),
    ('51F.666-065', 'B7'),
    ('51F.666-065', 'B8'),
    ('51F.666-065', 'B9'),
    ('51F.666-065', 'B10'),
    ('51F.666-065', 'B11'),
    ('51F.666-065', 'B12'),
    ('51F.666-065', 'B13'),
    ('51F.666-065', 'B14'),
    ('51F.666-065', 'B15'),
    ('51F.666-065', 'B16'),
    ('51F.666-065', 'B17'),
    ('36F.666-009', 'A1'),
    ('36F.666-009', 'A2'),
    ('36F.666-009', 'A3'),
    ('36F.666-009', 'A4'),
    ('36F.666-009', 'A5'),
    ('36F.666-009', 'A6'),
    ('36F.666-009', 'A7'),
    ('36F.666-009', 'A8'),
    ('36F.666-009', 'A9'),
    ('36F.666-009', 'A10'),
    ('36F.666-009', 'A11'),
    ('36F.666-009', 'A12'),
    ('36F.666-009', 'A13'),
    ('36F.666-009', 'A14'),
    ('36F.666-009', 'A15'),
    ('36F.666-009', 'A16'),
    ('36F.666-009', 'A17'),
    ('36F.666-009', 'B1'),
    ('36F.666-009', 'B2'),
    ('36F.666-009', 'B3'),
    ('36F.666-009', 'B4'),
    ('36F.666-009', 'B5'),
    ('36F.666-009', 'B6'),
    ('36F.666-009', 'B7'),
    ('36F.666-009', 'B8'),
    ('36F.666-009', 'B9'),
    ('36F.666-009', 'B10'),
    ('36F.666-009', 'B11'),
    ('36F.666-009', 'B12'),
    ('36F.666-009', 'B13'),
    ('36F.666-009', 'B14'),
    ('36F.666-009', 'B15'),
    ('36F.666-009', 'B16'),
    ('36F.666-009', 'B17');

INSERT INTO
    `account` (
        `id`,
        `email`,
        `password`,
        `role_id`,
        `name`,
        `phone`,
        `status`,
        `enabled`
    )
VALUES
    (
        1,
        'admin@localhost.com',
        '$2y$10$1J9',
        5,
        'Admin',
        '0981234567',
        'verified',
        1
    ),
    (
        2,
        'driver1@localhost.com',
        '$2y$10$A12',
        1,
        'Driver One',
        '0988765432',
        'verified',
        1
    ),
    (
        3,
        'controller1@localhost.com',
        '$2y$10$B23',
        2,
        'Controller One',
        '0987654321',
        'unverified',
        1
    ),
    (
        4,
        'staff1@localhost.com',
        '$2y$10$C34',
        3,
        'Staff One',
        '0987654322',
        'verified',
        1
    ),
    (
        5,
        'customer1@localhost.com',
        '$2y$10$D45',
        4,
        'Customer One',
        '0987654323',
        'unverified',
        1
    ),
    (
        6,
        'customer2@localhost.com',
        '$2y$10$E56',
        4,
        'Customer Two',
        '0987654324',
        'verified',
        1
    ),
    (
        7,
        'driver2@localhost.com',
        '$2y$10$F67',
        1,
        'Driver Two',
        '0987654325',
        'verified',
        1
    ),
    (
        8,
        'staff2@localhost.com',
        '$2y$10$G78',
        3,
        'Staff Two',
        '0987654326',
        'verified',
        1
    ),
    (
        9,
        'controller2@localhost.com',
        '$2y$10$H89',
        2,
        'Controller Two',
        '0987654327',
        'unverified',
        1
    ),
    (
        10,
        'customer3@localhost.com',
        '$2y$10$I90',
        4,
        'Customer Three',
        '0987654328',
        'banned',
        0
    ),
    (
        11,
        'customer4@localhost.com',
        '$2y$10$J91',
        4,
        'Customer Four',
        '0987654329',
        'unverified',
        1
    ),
    (
        12,
        'driver3@localhost.com',
        '$2y$10$K92',
        1,
        'Driver Three',
        '0987654330',
        'verified',
        1
    ),
    (
        13,
        'admin2@localhost.com',
        '$2y$10$L93',
        5,
        'Admin Two',
        '0987654331',
        'verified',
        1
    ),
    (
        14,
        'controller3@localhost.com',
        '$2y$10$M94',
        2,
        'Controller Three',
        '0987654332',
        'verified',
        1
    ),
    (
        15,
        'staff3@localhost.com',
        '$2y$10$N95',
        3,
        'Staff Three',
        '0987654333',
        'verified',
        1
    ),
    (
        16,
        'customer5@localhost.com',
        '$2y$10$O96',
        4,
        'Customer Five',
        '0987654334',
        'unverified',
        1
    ),
    (
        17,
        'customer6@localhost.com',
        '$2y$10$P97',
        4,
        'Customer Six',
        '0987654335',
        'verified',
        1
    ),
    (
        18,
        'driver4@localhost.com',
        '$2y$10$Q98',
        1,
        'Driver Four',
        '0987654336',
        'unverified',
        1
    ),
    (
        19,
        'controller4@localhost.com',
        '$2y$10$R99',
        2,
        'Controller Four',
        '0987654337',
        'banned',
        0
    ),
    (
        20,
        'staff4@localhost.com',
        '$2y$10$S00',
        3,
        'Staff Four',
        '0987654338',
        'verified',
        1
    );

INSERT INTO
    `controller` (`controller_id`, `account_id`)
VALUES
    (1, 3),
    (2, 9),
    (3, 14);

INSERT INTO
    `driver` (`driver_id`, `account_id`)
VALUES
    (1, 2),
    (2, 7),
    (3, 12),
    (4, 18);

INSERT INTO
    `staff` (`staff_id`, `account_id`)
VALUES
    (1, 4),
    (2, 8),
    (3, 15),
    (4, 20);

INSERT INTO
    `customer` (`customer_id`, `email`, `name`, `phone`)
VALUES
    (
        1,
        'customer1@localhost.com',
        'Customer One',
        '0987654323'
    ),
    (
        2,
        'customer2@localhost.com',
        'Customer Two',
        '0987654324'
    ),
    (
        3,
        'customer3@localhost.com',
        'Customer Three',
        '0987654328'
    ),
    (
        4,
        'customer4@localhost.com',
        'Customer Four',
        '0987654329'
    ),
    (
        5,
        'customer5@localhost.com',
        'Customer Five',
        '0987654334'
    ),
    (
        6,
        'customer6@localhost.com',
        'Customer Six',
        '0987654335'
    ),
    (
        7,
        'customer7@localhost.com',
        'Customer Seven',
        '0987654339'
    ),
    (
        8,
        'customer8@localhost.com',
        'Customer Eight',
        '0987654340'
    ),
    (
        9,
        'customer9@localhost.com',
        'Customer Nine',
        '0987654341'
    ),
    (
        10,
        'customer10@localhost.com',
        'Customer Ten',
        '0987654342'
    ),
    (
        11,
        'customer11@localhost.com',
        'Customer Eleven',
        '0987654343'
    ),
    (
        12,
        'customer12@localhost.com',
        'Customer Twelve',
        '0987654344'
    ),
    (
        13,
        'customer13@localhost.com',
        'Customer Thirteen',
        '0987654345'
    ),
    (
        14,
        'customer14@localhost.com',
        'Customer Fourteen',
        '0987654346'
    ),
    (
        15,
        'customer15@localhost.com',
        'Customer Fifteen',
        '0987654347'
    ),
    (
        16,
        'customer16@localhost.com',
        'Customer Sixteen',
        '0987654348'
    ),
    (
        17,
        'customer17@localhost.com',
        'Customer Seventeen',
        '0987654349'
    ),
    (
        18,
        'customer18@localhost.com',
        'Customer Eighteen',
        '0987654350'
    ),
    (
        19,
        'customer19@localhost.com',
        'Customer Nineteen',
        '0987654351'
    ),
    (
        20,
        'customer20@localhost.com',
        'Customer Twenty',
        '0987654352'
    );

INSERT INTO
    `staff` (`staff_id`, `account_id`)
VALUES
    (5, 16);

-- INSERT INTO
--     `trip` (
--         `trip_id`,
--         `departure_time`,
--         `arrival_time`,
--         `price`,
--         `status`,
--         `bus_id`,
--         `driver_id`,
--         `controller_id`,
--         `staff_id`,
--         `route_code`
--     )
-- SELECT
--     NULL,
--     CASE
--         WHEN RAND() < 0.5 THEN DATE_SUB(NOW(), INTERVAL FLOOR(RAND() * 30) DAY)
--         ELSE DATE_ADD(NOW(), INTERVAL FLOOR(RAND() * 30) DAY)
--     END AS departure_time,
--     CASE
--         WHEN RAND() < 0.5 THEN DATE_SUB(NOW(), INTERVAL FLOOR(RAND() * 30 + 1) DAY)
--         ELSE DATE_ADD(NOW(), INTERVAL FLOOR(RAND() * 30 + 1) DAY)
--     END AS arrival_time,
--     ROUND(RAND() * 100 + 20, 2) AS price,
--     /* Random price between 20 and 120 */
--     CASE
--         WHEN RAND() < 0.5 THEN CASE
--             WHEN RAND() < 0.5 THEN 'finished'
--             ELSE 'arriving'
--         END
--         ELSE CASE
--             WHEN RAND() < 0.7 THEN 'waiting'
--             WHEN RAND() < 0.85 THEN 'arriving'
--             ELSE 'started'
--         END
--     END AS status,
--     bus.bus_id,
--     driver.driver_id,
--     controller.controller_id,
--     staff.staff_id,
--     route.code AS route_code
-- FROM
--     (
--         SELECT
--             1
--         FROM
--             DUAL
--         LIMIT
--             3
--     ) AS x
--     JOIN (
--         SELECT
--             bus_id
--         FROM
--             `bus`
--         ORDER BY
--             RAND()
--         LIMIT
--             3
--     ) AS bus ON 1 = 1
--     JOIN (
--         SELECT
--             driver_id
--         FROM
--             `driver`
--         ORDER BY
--             RAND()
--         LIMIT
--             3
--     ) AS driver ON 1 = 1
--     JOIN (
--         SELECT
--             controller_id
--         FROM
--             `controller`
--         ORDER BY
--             RAND()
--         LIMIT
--             3
--     ) AS controller ON 1 = 1
--     JOIN (
--         SELECT
--             staff_id
--         FROM
--             `staff`
--         ORDER BY
--             RAND()
--         LIMIT
--             3
--     ) AS staff ON 1 = 1
--     JOIN (
--         SELECT
--             `code`
--         FROM
--             `route`
--         ORDER BY
--             RAND()
--         LIMIT
--             3
--     ) AS route ON 1 = 1;